<?xml version="1.0" encoding="UTF-8"?>
<mule xmlns:tracking="http://www.mulesoft.org/schema/mule/ee/tracking" xmlns:doc="http://www.mulesoft.org/schema/mule/documentation" xmlns="http://www.mulesoft.org/schema/mule/core" xmlns:apikit="http://www.mulesoft.org/schema/mule/apikit" xmlns:http="http://www.mulesoft.org/schema/mule/http" xmlns:spring="http://www.springframework.org/schema/beans" xmlns:xsi="http://www.w3.org/2001/XMLSchema-instance" xsi:schemaLocation="http://www.mulesoft.org/schema/mule/core http://www.mulesoft.org/schema/mule/core/current/mule.xsd
http://www.mulesoft.org/schema/mule/http http://www.mulesoft.org/schema/mule/http/current/mule-http.xsd
http://www.mulesoft.org/schema/mule/apikit http://www.mulesoft.org/schema/mule/apikit/current/mule-apikit.xsd
http://www.springframework.org/schema/beans http://www.springframework.org/schema/beans/spring-beans-3.1.xsd
http://www.mulesoft.org/schema/mule/ee/tracking http://www.mulesoft.org/schema/mule/ee/tracking/current/mule-tracking-ee.xsd">

    <apikit:config name="statements-config" raml="statements.raml" consoleEnabled="true" doc:name="Router" keepRamlBaseUri="false"/>
    <flow name="statements-main">
        <http:listener config-ref="HTTP_Listener_Configuration" path="/api/v1/*" doc:name="HTTP" allowedMethods="GET"/>
        <apikit:router config-ref="statements-config" doc:name="APIkit Router"/>

    </flow>
    <flow name="statements-console">
        <http:listener config-ref="HTTP_Listener_Configuration" path="/console/*" doc:name="HTTP"/>
        <apikit:console config-ref="statements-config" doc:name="APIkit Console"/>
    </flow>
    <flow name="get:/accountId:statements-config">
        <flow-ref name="getStatementFlow" doc:name="getStatementFlow"/>

    </flow>
</mule>
