<?xml version="1.0" encoding="UTF-8"?>

<mule xmlns:ws="http://www.mulesoft.org/schema/mule/ws" xmlns:amqp="http://www.mulesoft.org/schema/mule/amqp" xmlns:cluster="http://www.mulesoft.org/schema/mule/ee/cluster" xmlns:db="http://www.mulesoft.org/schema/mule/db" xmlns:http="http://www.mulesoft.org/schema/mule/http" xmlns="http://www.mulesoft.org/schema/mule/core" xmlns:doc="http://www.mulesoft.org/schema/mule/documentation"
	xmlns:spring="http://www.springframework.org/schema/beans" 
	xmlns:xsi="http://www.w3.org/2001/XMLSchema-instance"
	xsi:schemaLocation="http://www.springframework.org/schema/beans http://www.springframework.org/schema/beans/spring-beans-current.xsd
http://www.mulesoft.org/schema/mule/core http://www.mulesoft.org/schema/mule/core/current/mule.xsd
http://www.mulesoft.org/schema/mule/http http://www.mulesoft.org/schema/mule/http/current/mule-http.xsd
http://www.mulesoft.org/schema/mule/db http://www.mulesoft.org/schema/mule/db/current/mule-db.xsd
http://www.mulesoft.org/schema/mule/amqp http://www.mulesoft.org/schema/mule/amqp/current/mule-amqp.xsd
http://www.mulesoft.org/schema/mule/ws http://www.mulesoft.org/schema/mule/ws/current/mule-ws.xsd">
    <db:mysql-config name="MySQL_Configuration" host="localhost" port="3306" user="root" password="root" database="stargate" doc:name="MySQL Configuration"/>
    <configuration defaultExceptionStrategy-ref="choice-exception-strategy" doc:name="Configuration">
        <http:config useTransportForUris="false"/>
    </configuration>
    <amqp:connector name="AMQP_0_9_Connector" validateConnections="true" host="woodpecker.rmq.cloudamqp.com" virtualHost="fbprvcxo" username="fbprvcxo" password="QGp87m4Atf3TEeycIwVhF8v_30DT2JIg" doc:name="AMQP-0-9 Connector"/>
    <ws:consumer-config name="Web_Service_Consumer" wsdlLocation="http://34.236.109.151:8000/ws/bankdetails.wsdl " service="BankDetailPortService" port="BankDetailPortSoap11" serviceAddress="http://34.236.109.151:8000/ws" doc:name="Web Service Consumer"/>
    
    <choice-exception-strategy name="choice-exception-strategy">
            <catch-exception-strategy when="#[exception.causedBy(org.mule.extension.validation.api.ValidationException)]" doc:name="400 Bad Request ">
            	<set-payload value="#[exception.message]" doc:name="Set Payload"/>
            	<set-property propertyName="http.status" value="400" doc:name="Property"/>
            	<logger level="INFO" doc:name="Logger"/>
        	</catch-exception-strategy>
        	
        	<catch-exception-strategy  doc:name="Method Not Allowed Exception Strategy" when="#[exception.causedBy(org.mule.module.apikit.exception.MethodNotAllowedException)]">
          
             <set-property propertyName="http.status" value="405" doc:name="Property"/>
              <set-payload value="Method not allowed" doc:name="Set Payload"/>          
            <logger level="INFO" doc:name="Logger"/>
        </catch-exception-strategy>
        	
        	<catch-exception-strategy  doc:name="NotAcceptable Exception Strategy" when="#[exception.causedBy(org.mule.module.apikit.exception.NotAcceptableException)]">
          
            <set-property propertyName="http.status" value="406" doc:name="Property"/>
            <set-payload value="Not acceptable" doc:name="Set Payload"/>
            <logger level="INFO" doc:name="Logger"/>
        </catch-exception-strategy>     
        
<catch-exception-strategy  doc:name="Unsupported media Exception Strategy" when="#[exception.causedBy(org.mule.module.apikit.exception.UnsupportedMediaTypeException)]">
            <set-property propertyName="http.status" value="415" doc:name="Property"/>
            <set-payload value="Unsupported media type" doc:name="Set Payload"/>
            <logger level="INFO" doc:name="Logger"/>
        </catch-exception-strategy>  
        	
        	
        	
        <catch-exception-strategy doc:name="Catch Exception Strategy"/>
           
         
       
        </choice-exception-strategy>
    
</mule>
