<?xml version="1.0" encoding="UTF-8"?>

<mule xmlns:s3="http://www.mulesoft.org/schema/mule/s3" xmlns:ws="http://www.mulesoft.org/schema/mule/ws" xmlns:json="http://www.mulesoft.org/schema/mule/json" xmlns:amqp="http://www.mulesoft.org/schema/mule/amqp" xmlns:dw="http://www.mulesoft.org/schema/mule/ee/dw" xmlns:db="http://www.mulesoft.org/schema/mule/db" xmlns:metadata="http://www.mulesoft.org/schema/mule/metadata" xmlns:http="http://www.mulesoft.org/schema/mule/http" xmlns:validation="http://www.mulesoft.org/schema/mule/validation" xmlns:tracking="http://www.mulesoft.org/schema/mule/ee/tracking" xmlns="http://www.mulesoft.org/schema/mule/core" xmlns:doc="http://www.mulesoft.org/schema/mule/documentation"
	xmlns:spring="http://www.springframework.org/schema/beans" 
	xmlns:xsi="http://www.w3.org/2001/XMLSchema-instance"
	xsi:schemaLocation="http://www.springframework.org/schema/beans http://www.springframework.org/schema/beans/spring-beans-current.xsd
http://www.mulesoft.org/schema/mule/core http://www.mulesoft.org/schema/mule/core/current/mule.xsd
http://www.mulesoft.org/schema/mule/http http://www.mulesoft.org/schema/mule/http/current/mule-http.xsd
http://www.mulesoft.org/schema/mule/ee/tracking http://www.mulesoft.org/schema/mule/ee/tracking/current/mule-tracking-ee.xsd
http://www.mulesoft.org/schema/mule/db http://www.mulesoft.org/schema/mule/db/current/mule-db.xsd
http://www.mulesoft.org/schema/mule/ee/dw http://www.mulesoft.org/schema/mule/ee/dw/current/dw.xsd
http://www.mulesoft.org/schema/mule/validation http://www.mulesoft.org/schema/mule/validation/current/mule-validation.xsd
http://www.mulesoft.org/schema/mule/amqp http://www.mulesoft.org/schema/mule/amqp/current/mule-amqp.xsd
http://www.mulesoft.org/schema/mule/json http://www.mulesoft.org/schema/mule/json/current/mule-json.xsd
http://www.mulesoft.org/schema/mule/ws http://www.mulesoft.org/schema/mule/ws/current/mule-ws.xsd
http://www.mulesoft.org/schema/mule/s3 http://www.mulesoft.org/schema/mule/s3/current/mule-s3.xsd">
    <sub-flow name="amqpQueue">
        <object-to-string-transformer doc:name="Object to String"/>
        <amqp:outbound-endpoint queueName="VIKAS" responseTimeout="10000" exchange-pattern="request-response" doc:name="AMQP-0-9" connector-ref="AMQP_0_9_Connector"/>
        <logger level="INFO" doc:name="Logger"/>
    </sub-flow>
    <flow name="postCustomersFlow">
        <http:listener config-ref="customer-httpListenerConfig" path="/customers/address" allowedMethods="POST" doc:name="HTTP" metadata:id="9120b2c0-cf52-431e-a31e-a42ac4558867"/>
        <dw:transform-message doc:name="Transform Message">
            <dw:set-payload><![CDATA[%dw 1.0
%output application/java
---
payload
]]></dw:set-payload>
        </dw:transform-message>
        <set-variable variableName="customerId" value="#[payload.customerId]" doc:name="Variable"/>
         <validation:all doc:name="Validation">
            <validation:validations>
                <validation:matches-regex value="#[flowVars.customerId]" regex="[0-9]{9}" message="Customer Id Not Valid"/>
            </validation:validations>
        </validation:all>
     <db:select config-ref="MySQL_Configuration" doc:name="Database">
            <db:parameterized-query><![CDATA[SELECT  cust.CustomerId,custname.First,custname.Middle,custname.Last,custname.Company,delivery.Type,delivery.Line1,delivery.Line2,delivery.City,delivery.State,delivery.Zip,delivery.Country  FROM customer cust , customername custname ,deliveryaddress delivery

WHERE cust.CustomerId = custname.CustomerId and custname.CustomerId= cust.CustomerId and 
cust.CustomerId = #[flowVars.customerId]]]></db:parameterized-query>
        </db:select>
        <dw:transform-message doc:name="Transform Message" metadata:id="9a856174-3208-4534-8193-f04e0d79d9dd">
            <dw:input-payload doc:sample="sample_data\list_map_1.dwl"/>
            <dw:set-payload><![CDATA[%dw 1.0
%output application/java
---
payload]]></dw:set-payload>
        </dw:transform-message>
        <scatter-gather doc:name="Scatter-Gather">
            <custom-aggregation-strategy class="com.customers.CustCustomAgreegator"/>
            <flow-ref name="amqpQueue" doc:name="amqpQueue"/>
            <processor-chain>
                <json:object-to-json-transformer doc:name="Object to JSON"/>
                <logger level="INFO" doc:name="Logger"/>
            </processor-chain>
            <flow-ref name="SOAP_Web_Service_ConsumerFlow" doc:name="SOAP_Web_Service_ConsumerFlow"/>

        </scatter-gather>


        <logger level="INFO" doc:name="Logger"/>
        <exception-strategy ref="choice-exception-strategy" doc:name="Reference Exception Strategy"/>
    </flow>
    <flow name="SOAP_Web_Service_ConsumerFlow">
        <dw:transform-message doc:name="Transform Message">
            <dw:input-payload doc:sample="D:\Users\vjatav\Desktop\MUFundamentals3.9_studentFiles_07mar2018\customer (1)\example.json"/>
            <dw:set-payload><![CDATA[%dw 1.0
%output application/xml
%namespace ns0 http://bank-web-service
---
{
	ns0#getBankDetailsRequest: {
		ns0#customerId: payload.CustomerId[0]
	}
}]]></dw:set-payload>
        </dw:transform-message>
        <ws:consumer config-ref="Web_Service_Consumer" operation="getBankDetails" doc:name="Web Service Consumer"/>
        <dw:transform-message doc:name="Transform Message" metadata:id="96c82466-ef04-44f7-9e70-7067ff3923f5">
            <dw:input-payload doc:sample="sample_data\getBankDetailsResponse_1.xml"/>
            <dw:set-payload><![CDATA[%dw 1.0
%output application/json
%namespace ns0 http://bank-web-service
---
[{
	bank: {
		bankName: payload.ns0#getBankDetailsResponse.ns0#bank.ns0#bankName,
		branch: {
			branchName: payload.ns0#getBankDetailsResponse.ns0#bank.ns0#branch.ns0#branchName,
			ifsc: payload.ns0#getBankDetailsResponse.ns0#bank.ns0#branch.ns0#ifsc,
			address: payload.ns0#getBankDetailsResponse.ns0#bank.ns0#branch.ns0#address,
			city: payload.ns0#getBankDetailsResponse.ns0#bank.ns0#branch.ns0#city,
			state: payload.ns0#getBankDetailsResponse.ns0#bank.ns0#branch.ns0#state,
			country: payload.ns0#getBankDetailsResponse.ns0#bank.ns0#branch.ns0#country,
			zip: payload.ns0#getBankDetailsResponse.ns0#bank.ns0#branch.ns0#zip,
			telephone: payload.ns0#getBankDetailsResponse.ns0#bank.ns0#branch.ns0#telephone,
			email: payload.ns0#getBankDetailsResponse.ns0#bank.ns0#branch.ns0#email
		}
	}
}]]]></dw:set-payload>
        </dw:transform-message>

        <logger level="INFO" doc:name="Logger" message="#[payload]"/>
    </flow>

</mule>
