<?xml version="1.0" encoding="UTF-8"?>
<mule xmlns:doc="http://www.mulesoft.org/schema/mule/documentation" xmlns="http://www.mulesoft.org/schema/mule/core" xmlns:apikit="http://www.mulesoft.org/schema/mule/apikit" xmlns:http="http://www.mulesoft.org/schema/mule/http" xmlns:spring="http://www.springframework.org/schema/beans" xmlns:xsi="http://www.w3.org/2001/XMLSchema-instance" xsi:schemaLocation="http://www.mulesoft.org/schema/mule/core http://www.mulesoft.org/schema/mule/core/current/mule.xsd
http://www.mulesoft.org/schema/mule/http http://www.mulesoft.org/schema/mule/http/current/mule-http.xsd
http://www.mulesoft.org/schema/mule/apikit http://www.mulesoft.org/schema/mule/apikit/current/mule-apikit.xsd
http://www.springframework.org/schema/beans http://www.springframework.org/schema/beans/spring-beans-3.1.xsd">
    <http:listener-config name="customer-httpListenerConfig" host="0.0.0.0" port="8081" doc:name="HTTP Listener Configuration"/>
    <apikit:config name="customer-config" raml="customer.raml" consoleEnabled="false" doc:name="Router"/>
    <flow name="customer-main">
        <http:listener config-ref="customer-httpListenerConfig" path="/api/*" doc:name="HTTP"/>
        <apikit:router config-ref="customer-config" doc:name="APIkit Router"/>
        <exception-strategy ref="choice-exception-strategy" doc:name="Reference Exception Strategy"/>
    </flow>
    <flow name="customer-console">
        <http:listener config-ref="customer-httpListenerConfig" path="/console/*" doc:name="HTTP"/>
        <apikit:console config-ref="customer-config" doc:name="APIkit Console"/>
    </flow>
    <flow name="post:/customers/address:customer-config">
        <flow-ref name="postCustomersFlow" doc:name="postCustomersFlow"/>
  <!-- <set-payload value="{&#xA;&quot;cutomerId&quot; : &quot;123434&quot;,&#xA;&quot;name&quot; : {&#xA;&quot;first&quot; : &quot;Michael&quot;,&#xA;&quot;middle&quot; : &quot;J&quot;,&#xA;&quot;last&quot; : &quot;Smith&quot;,&#xA;&quot;company&quot; : &quot;Acme&quot;&#xA;},&#xA;&quot;dateOfBirth&quot; : &quot;1990-01-10&quot;,&#xA;&quot;address&quot; : [&#xA;{&#xA;&quot;type&quot; : &quot;home&quot;,&#xA;&quot;line 1&quot; : &quot;963 Lovelace Road &quot;,&#xA;&quot;line 2&quot; : &quot; Tampa Bay&quot;,&#xA;&quot;city&quot; : &quot; California &quot;,&#xA;&quot;state&quot; : &quot; US &quot;,&#xA;&quot;zip &quot; : &quot; 90001&quot;,&#xA;&quot;country&quot; : &quot; United states &quot;&#xA;},&#xA;{&#xA;&quot;type&quot; : &quot; business&quot;,&#xA;&quot;line 1&quot; : &quot;964 Lovelace Road&quot;,&#xA;&quot;line 2&quot; : &quot; Tampa 1 Bay&quot;,&#xA;&quot;city&quot; : &quot; California &quot;,&#xA;&quot;state&quot; : &quot; US &quot;,&#xA;&quot;zip &quot; : &quot; 90001&quot;,&#xA;&quot;country&quot; : &quot; United states &quot;&#xA;},&#xA;{&#xA;&quot;type&quot; : &quot;mailing &quot;,&#xA;&quot;line 1&quot; : &quot;965 Lovelace Road&quot;,&#xA;&quot;line 2&quot; : &quot; Tampa2 Bay&quot;,&#xA;&quot;city&quot; : &quot; California &quot;,&#xA;&quot;state&quot; : &quot; US &quot;,&#xA;&quot;zip &quot; : &quot; 90001&quot;,&#xA;&quot;country&quot; : &quot; United states &quot;&#xA;}&#xA;]&#xA;}" doc:name="Set Payload"/> -->
    </flow>
   <!--  <apikit:mapping-exception-strategy name="customer-apiKitGlobalExceptionMapping">
        <apikit:mapping statusCode="404">
            <apikit:exception value="org.mule.module.apikit.exception.NotFoundException" />
            <set-property propertyName="Content-Type" value="application/json" doc:name="Property"/>
            <set-payload value="{ &quot;message&quot;: &quot;Resource not found&quot; }" doc:name="Set Payload"/>
        </apikit:mapping>
        <apikit:mapping statusCode="405">
            <apikit:exception value="org.mule.module.apikit.exception.MethodNotAllowedException" />
            <set-property propertyName="Content-Type" value="application/json" doc:name="Property"/>
            <set-payload value="{ &quot;message&quot;: &quot;Method not allowed&quot; }" doc:name="Set Payload"/>
        </apikit:mapping>
        <apikit:mapping statusCode="415">
            <apikit:exception value="org.mule.module.apikit.exception.UnsupportedMediaTypeException" />
            <set-property propertyName="Content-Type" value="application/json" doc:name="Property"/>
            <set-payload value="{ &quot;message&quot;: &quot;Unsupported media type&quot; }" doc:name="Set Payload"/>
        </apikit:mapping>
        <apikit:mapping statusCode="406">
            <apikit:exception value="org.mule.module.apikit.exception.NotAcceptableException" />
            <set-property propertyName="Content-Type" value="application/json" doc:name="Property"/>
            <set-payload value="{ &quot;message&quot;: &quot;Not acceptable&quot; }" doc:name="Set Payload"/>
        </apikit:mapping>
        <apikit:mapping statusCode="400">
            <apikit:exception value="org.mule.module.apikit.exception.BadRequestException" />
            <set-property propertyName="Content-Type" value="application/json" doc:name="Property"/>
            <set-payload value="{ &quot;message&quot;: &quot;Bad request&quot; }" doc:name="Set Payload"/>
        </apikit:mapping>
    </apikit:mapping-exception-strategy>
</mule> -->
</mule>
