<?xml version="1.0" encoding="UTF-8"?>
<mule xmlns:tls="http://www.mulesoft.org/schema/mule/tls" xmlns:http="http://www.mulesoft.org/schema/mule/http" xmlns:tracking="http://www.mulesoft.org/schema/mule/ee/tracking" xmlns="http://www.mulesoft.org/schema/mule/core" xmlns:doc="http://www.mulesoft.org/schema/mule/documentation"
    xmlns:spring="http://www.springframework.org/schema/beans"
    xmlns:apikit="http://www.mulesoft.org/schema/mule/apikit"
    xmlns:file="http://www.mulesoft.org/schema/mule/file"
    xmlns:xsi="http://www.w3.org/2001/XMLSchema-instance"
    xmlns:mule-ss="http://www.mulesoft.org/schema/mule/spring-security"
    xmlns:context="http://www.springframework.org/schema/context"
    xmlns:ss="http://www.springframework.org/schema/security"
    xsi:schemaLocation="http://www.springframework.org/schema/beans http://www.springframework.org/schema/beans/spring-beans-current.xsd
http://www.mulesoft.org/schema/mule/core http://www.mulesoft.org/schema/mule/core/current/mule.xsd
http://www.mulesoft.org/schema/mule/apikit http://www.mulesoft.org/schema/mule/apikit/current/mule-apikit.xsd
http://www.mulesoft.org/schema/mule/http http://www.mulesoft.org/schema/mule/http/current/mule-http.xsd
http://www.mulesoft.org/schema/mule/ee/tracking http://www.mulesoft.org/schema/mule/ee/tracking/current/mule-tracking-ee.xsd
http://www.mulesoft.org/schema/mule/spring-security http://www.mulesoft.org/schema/mule/spring-security/current/mule-spring-security.xsd
http://www.springframework.org/schema/security http://www.springframework.org/schema/security/spring-security-3.1.xsd
http://www.mulesoft.org/schema/mule/tls http://www.mulesoft.org/schema/mule/tls/current/mule-tls.xsd
http://www.springframework.org/schema/context http://www.springframework.org/schema/context/spring-context-current.xsd
http://www.mulesoft.org/schema/mule/https http://www.mulesoft.org/schema/mule/https/current/mule-https.xsd">


   <spring:beans>
   <ss:authentication-manager alias="authenticationManager">
   <ss:authentication-provider>
   <ss:user-service id="userService">
    <ss:user name="admin" password="admin" authorities="ROLE_ADMIN" />
    <ss:user name="user1" password="work4proj" authorities="ROLE_DEV" />
   </ss:user-service>
   </ss:authentication-provider>
   </ss:authentication-manager>
</spring:beans>
<mule-ss:security-manager name="muleSecurityManager" doc:name="Spring Security Provider">
  <mule-ss:delegate-security-provider name="memory-provider" delegate-ref="authenticationManager" />
</mule-ss:security-manager>

    <http:listener-config name="loanaccount-httpListenerConfig" host="0.0.0.0" port="8081" doc:name="HTTP Listener Configuration" basePath="/api/v1"/>
    <apikit:config name="loanaccount-config" raml="loanaccount.raml" consoleEnabled="false" doc:name="Router" keepRamlBaseUri="false"/>
    <context:property-placeholder location="loanaccount-${env}.properties"/>
    <flow name="loanaccount-main">
        <http:listener config-ref="loanaccount-httpListenerConfig" path="/api/*" doc:name="HTTP" allowedMethods="GET"/>
        <apikit:router config-ref="loanaccount-config" doc:name="APIkit Router"/>

    </flow>
    <flow name="loanaccount-console">
        <http:listener config-ref="loanaccount-httpListenerConfig" path="/console/*" doc:name="HTTP" />
        <apikit:console config-ref="loanaccount-config" doc:name="APIkit Console"/>

    </flow>
    <flow name="get:/accounts:loanaccount-config">
     <!--  <http:basic-security-filter realm="mule-realm"/> -->
    <mule-ss:http-security-filter realm="mule-realm" securityProviders="memory-provider"/>
        <flow-ref name="getAllLoanAccount" doc:name="getAllLoanAccount"/>

    </flow>

</mule>
