<?xml version="1.0" encoding="UTF-8"?>

<mule xmlns:ws="http://www.mulesoft.org/schema/mule/ws" xmlns:amqp="http://www.mulesoft.org/schema/mule/amqp" xmlns:db="http://www.mulesoft.org/schema/mule/db" xmlns:http="http://www.mulesoft.org/schema/mule/http" xmlns="http://www.mulesoft.org/schema/mule/core" xmlns:doc="http://www.mulesoft.org/schema/mule/documentation"
	xmlns:spring="http://www.springframework.org/schema/beans" 
	xmlns:xsi="http://www.w3.org/2001/XMLSchema-instance"
	xsi:schemaLocation="http://www.springframework.org/schema/beans http://www.springframework.org/schema/beans/spring-beans-current.xsd
http://www.mulesoft.org/schema/mule/core http://www.mulesoft.org/schema/mule/core/current/mule.xsd
http://www.mulesoft.org/schema/mule/http http://www.mulesoft.org/schema/mule/http/current/mule-http.xsd
http://www.mulesoft.org/schema/mule/db http://www.mulesoft.org/schema/mule/db/current/mule-db.xsd
http://www.mulesoft.org/schema/mule/amqp http://www.mulesoft.org/schema/mule/amqp/current/mule-amqp.xsd
http://www.mulesoft.org/schema/mule/ws http://www.mulesoft.org/schema/mule/ws/current/mule-ws.xsd">
    <http:listener-config name="HTTP_Listener_Configuration" host="0.0.0.0" port="8081" doc:name="HTTP Listener Configuration"/>
    <db:mysql-config name="MySQL_Configuration" host="localhost" port="3306" user="root" password="root" database="stargate" doc:name="MySQL Configuration"/>
    <amqp:connector name="AMQP_0_9_Connector" validateConnections="true" host="chimpanzee.rmq.cloudamqp.com" virtualHost="woubqiem" username="woubqiem" password="DUQL_qnfGbzLBknqJ4oR677g_qdXBLNQ" doc:name="AMQP-0-9 Connector"/>
    <ws:consumer-config name="Web_Service_Consumer" wsdlLocation="http://34.236.109.151:8000/ws/bankdetails.wsdl" service="BankDetailPortService" port="BankDetailPortSoap11" serviceAddress="http://34.236.109.151:8000/ws" doc:name="Web Service Consumer"/>
    
     <choice-exception-strategy name="choice-exception-strategy">
            <catch-exception-strategy when="#[exception.causedBy(org.mule.extension.validation.api.ValidationException)]" doc:name="400 Bad Request ">
            <set-payload value="#[exception.message]" doc:name="Set Payload"/>
            <set-property propertyName="http.status" value="400" doc:name="Property"/>
            <logger level="INFO" doc:name="Logger"/>
        </catch-exception-strategy>
       
        <catch-exception-strategy  doc:name="Method Not Allowed Exception Strategy" when="#[exception.causedBy(org.mule.module.apikit.exception.MethodNotAllowedException)]">
            <set-payload value="Method not allowed" doc:name="Set Payload"/>
          
             <set-property propertyName="http.status" value="405" doc:name="Property"/>
          
            <logger level="INFO" doc:name="Logger"/>
        </catch-exception-strategy>
       
        <catch-exception-strategy  doc:name="NotAcceptable Exception Strategy" when="#[exception.causedBy(org.mule.module.apikit.exception.NotAcceptableException)]">
            <set-payload value="Not acceptable" doc:name="Set Payload"/>
            <set-property propertyName="http.status" value="406" doc:name="Property"/>
            <logger level="INFO" doc:name="Logger"/>
        </catch-exception-strategy>     
        
		<catch-exception-strategy  doc:name="Unsupported media Exception Strategy" when="#[exception.causedBy(org.mule.module.apikit.exception.UnsupportedMediaTypeException)]">
            <set-payload value="Unsupported media type" doc:name="Set Payload"/>
            <set-property propertyName="http.status" value="415" doc:name="Property"/>
            <logger level="INFO" doc:name="Logger"/>
        </catch-exception-strategy>  
        </choice-exception-strategy>
</mule>
