<?xml version="1.0" encoding="UTF-8"?>

<mule xmlns:metadata="http://www.mulesoft.org/schema/mule/metadata" xmlns:tracking="http://www.mulesoft.org/schema/mule/ee/tracking" xmlns:db="http://www.mulesoft.org/schema/mule/db"
	xmlns:validation="http://www.mulesoft.org/schema/mule/validation"
	xmlns:ws="http://www.mulesoft.org/schema/mule/ws"
	xmlns:json="http://www.mulesoft.org/schema/mule/json"
	xmlns:http="http://www.mulesoft.org/schema/mule/http"
	xmlns:amqp="http://www.mulesoft.org/schema/mule/amqp"
	xmlns:dw="http://www.mulesoft.org/schema/mule/ee/dw"
	xmlns="http://www.mulesoft.org/schema/mule/core" xmlns:doc="http://www.mulesoft.org/schema/mule/documentation"
	xmlns:spring="http://www.springframework.org/schema/beans" 
	xmlns:xsi="http://www.w3.org/2001/XMLSchema-instance"
	xsi:schemaLocation="http://www.mulesoft.org/schema/mule/db http://www.mulesoft.org/schema/mule/db/current/mule-db.xsd
http://www.mulesoft.org/schema/mule/validation http://www.mulesoft.org/schema/mule/validation/current/mule-validation.xsd
http://www.mulesoft.org/schema/mule/ws http://www.mulesoft.org/schema/mule/ws/current/mule-ws.xsd
http://www.mulesoft.org/schema/mule/json http://www.mulesoft.org/schema/mule/json/current/mule-json.xsd
http://www.mulesoft.org/schema/mule/http http://www.mulesoft.org/schema/mule/http/current/mule-http.xsd
http://www.mulesoft.org/schema/mule/amqp http://www.mulesoft.org/schema/mule/amqp/current/mule-amqp.xsd
http://www.mulesoft.org/schema/mule/ee/dw http://www.mulesoft.org/schema/mule/ee/dw/current/dw.xsd
http://www.springframework.org/schema/beans http://www.springframework.org/schema/beans/spring-beans-current.xsd
http://www.mulesoft.org/schema/mule/core http://www.mulesoft.org/schema/mule/core/current/mule.xsd
http://www.mulesoft.org/schema/mule/ee/tracking http://www.mulesoft.org/schema/mule/ee/tracking/current/mule-tracking-ee.xsd">
    <sub-flow name="mqpQueue">
        <object-to-string-transformer doc:name="Object to String"/>
        <amqp:outbound-endpoint queueName="mqueue" responseTimeout="10000" exchange-pattern="request-response" doc:name="AMQP-0-9"/>
        <logger message="#[payload]" level="INFO" doc:name="Logger"/>
    </sub-flow>
    <flow name="raml-design-projectFlow">
        <dw:transform-message doc:name="Transform Message" >
            <dw:input-payload/>
            <dw:set-payload><![CDATA[%dw 1.0
%output application/java
---
payload]]></dw:set-payload>
        </dw:transform-message>
        <set-variable variableName="accountId" value="#[payload.accountId]" doc:name="Variable"/>
        <validation:all  doc:name="Validation">
            <validation:validations>
                <validation:matches-regex value="#[flowVars.accountId]" regex="[0-9]{10}" message="{ &quot;accountId&quot;: &quot;accountId not valid&quot; }"/>
            </validation:validations>
        </validation:all>
        <db:select config-ref="MySQL_Configuration" doc:name="Database">
            <db:parameterized-query><![CDATA[select ad.accountid, ad.accounttype, ad.displayname, ad.description, ad.status,  a.nickname, a.accountnumber, a.interestrate, ia.allowedcheckwriting, ia.allowedoptiontrade, ia.currentvalue, ia.availablecashbalance, ia.margin, ia.marginbalance, ia.shortbalance, ia.planid, ia.rolloveramount, ia.employername from account a join accountdescriptor ad join investmentaccount ia on a.accountnumber=ad.accountid and ia.RefIAccountId=a.AccountMasterId  where ad.accountId= #[flowVars.accountId]]]></db:parameterized-query>
        </db:select>

        <scatter-gather doc:name="Scatter-Gather">
        	<custom-aggregation-strategy class="com.accounts.AccountCustomAgreegator"/>
            <flow-ref name="mqpQueue" doc:name="mqpQueue"/>
            <logger message="#[payload]" level="INFO" doc:name="Logger"/>
            <flow-ref name="soap-webservice" doc:name="soap-webservice"/>

        </scatter-gather>
        <json:object-to-json-transformer doc:name="Object to JSON"/>

        <logger level="INFO" doc:name="Logger"/>
        <exception-strategy ref="choice-exception-strategy" doc:name="Reference Exception Strategy"/>
    </flow>
    <flow name="soap-webservice">
        <db:select config-ref="MySQL_Configuration" doc:name="Database">
            <db:parameterized-query><![CDATA[select CustomerId from accountdescriptor where AccountId = #[payload.accountId]]]></db:parameterized-query>
        </db:select>
        <set-variable variableName="customerId" value="#[payload.CustomerId]" doc:name="Variable"/>
        <dw:transform-message doc:name="Transform Message">
            <dw:set-payload><![CDATA[%dw 1.0
%output application/xml
%namespace ns0 http://bank-web-service
---
{
	ns0#getBankDetailsRequest: {
		ns0#customerId: payload.CustomerId[0]
	}
}]]></dw:set-payload>
        </dw:transform-message>
        <ws:consumer config-ref="Web_Service_Consumer" operation="getBankDetails" doc:name="Web Service Consumer"/>
        <dw:transform-message doc:name="Transform Message" metadata:id="4fcd1495-a5a9-4d3a-818f-db0f316f203a">
            <dw:set-payload><![CDATA[%dw 1.0
%output application/xml
%namespace ns0 http://bank-web-service
---
{
	ns0#getBankDetailsResponse: {
		ns0#bank: {
			ns0#bankName: payload.ns0#getBankDetailsResponse.ns0#bank.ns0#bankName,
			ns0#branch: {
				ns0#branchName: payload.ns0#getBankDetailsResponse.ns0#bank.ns0#branch.ns0#branchName,
				ns0#ifsc: payload.ns0#getBankDetailsResponse.ns0#bank.ns0#branch.ns0#ifsc,
				ns0#address: payload.ns0#getBankDetailsResponse.ns0#bank.ns0#branch.ns0#address,
				ns0#city: payload.ns0#getBankDetailsResponse.ns0#bank.ns0#branch.ns0#city,
				ns0#state: payload.ns0#getBankDetailsResponse.ns0#bank.ns0#branch.ns0#state,
				ns0#country: payload.ns0#getBankDetailsResponse.ns0#bank.ns0#branch.ns0#country,
				ns0#zip: payload.ns0#getBankDetailsResponse.ns0#bank.ns0#branch.ns0#zip,
				ns0#telephone: payload.ns0#getBankDetailsResponse.ns0#bank.ns0#branch.ns0#telephone,
				ns0#email: payload.ns0#getBankDetailsResponse.ns0#bank.ns0#branch.ns0#email
			}
		}
	}
}]]></dw:set-payload>
        </dw:transform-message>
        <logger message="#[payload]" level="INFO" doc:name="Logger"/>
    </flow>
</mule>
