<?xml version="1.0" encoding="UTF-8"?>
<mule xmlns:doc="http://www.mulesoft.org/schema/mule/documentation" xmlns="http://www.mulesoft.org/schema/mule/core" xmlns:apikit="http://www.mulesoft.org/schema/mule/apikit" xmlns:http="http://www.mulesoft.org/schema/mule/http" xmlns:spring="http://www.springframework.org/schema/beans" xmlns:xsi="http://www.w3.org/2001/XMLSchema-instance" xsi:schemaLocation="http://www.mulesoft.org/schema/mule/core http://www.mulesoft.org/schema/mule/core/current/mule.xsd
http://www.mulesoft.org/schema/mule/http http://www.mulesoft.org/schema/mule/http/current/mule-http.xsd
http://www.mulesoft.org/schema/mule/apikit http://www.mulesoft.org/schema/mule/apikit/current/mule-apikit.xsd
http://www.springframework.org/schema/beans http://www.springframework.org/schema/beans/spring-beans-3.1.xsd">

    <apikit:config name="rest-api-raml-design-config" raml="rest-api-raml-design.raml" consoleEnabled="false" doc:name="Router"/>
    <flow name="rest-api-raml-design-main">
        <http:listener config-ref="HTTP_Listener_Configuration" path="/api/*" doc:name="HTTP" allowedMethods="POST"/>
        <apikit:router config-ref="rest-api-raml-design-config" doc:name="APIkit Router"/>
        <!-- <exception-strategy ref="rest-api-raml-design-apiKitGlobalExceptionMapping" doc:name="Reference Exception Strategy"/> -->
    </flow>
    <flow name="rest-api-raml-design-console">
        <http:listener config-ref="HTTP_Listener_Configuration" path="/console/*" doc:name="HTTP"/>
        <apikit:console config-ref="rest-api-raml-design-config" doc:name="APIkit Console"/>
    </flow>
    <flow name="post:/accounts/investmentAccount:rest-api-raml-design-config">
        <flow-ref name="raml-design-projectFlow" doc:name="raml-design-projectFlow"/>

    </flow>

</mule>
