

{
      "CustomerId": "123434",
      "name": 
        {
          "first":"Michael",
          "middle":"J",
          "last":"Smith",
          "company":"Acme"
        },

        "dateOfBirth": "1990-01-10",
        
        "address": [
          {
                  "type": "home",
                  "line 1":"963 Lovelace Road ",
                  "line 2":" Tampa Bay",
                  "city":" California ",
                  "state":" US ",
                  "zip ":" 90001",
                  "country":" United states "
          },
          {
                    "type":" business",
                    "line 1":"964 Lovelace Road",
                    "line 2":" Tampa 1 Bay",
                    "city":" California ",
                    "state":" US ",
                    "zip ":" 90001",
                    "country":" United states "
          },
          {
                      "type":"mailing ",
                      "line 1":"965 Lovelace Road",
                      "line 2":" Tampa2 Bay",
                      "city":" California ",
                      "state":" US ",
                      "zip ":" 90001",
                      "country":" United states "
          }
        ]
  }