<?xml version="1.0" encoding="UTF-8"?>

<mule xmlns:mulexml="http://www.mulesoft.org/schema/mule/xml" xmlns:amqp="http://www.mulesoft.org/schema/mule/amqp" xmlns:ws="http://www.mulesoft.org/schema/mule/ws" xmlns:file="http://www.mulesoft.org/schema/mule/file" xmlns:apikit="http://www.mulesoft.org/schema/mule/apikit" xmlns:dw="http://www.mulesoft.org/schema/mule/ee/dw" xmlns:db="http://www.mulesoft.org/schema/mule/db" xmlns:json="http://www.mulesoft.org/schema/mule/json" xmlns:metadata="http://www.mulesoft.org/schema/mule/metadata" xmlns:http="http://www.mulesoft.org/schema/mule/http" xmlns:validation="http://www.mulesoft.org/schema/mule/validation" xmlns:tracking="http://www.mulesoft.org/schema/mule/ee/tracking" xmlns="http://www.mulesoft.org/schema/mule/core" xmlns:doc="http://www.mulesoft.org/schema/mule/documentation"
	xmlns:spring="http://www.springframework.org/schema/beans" 
	xmlns:xsi="http://www.w3.org/2001/XMLSchema-instance"
	xsi:schemaLocation="http://www.springframework.org/schema/beans http://www.springframework.org/schema/beans/spring-beans-current.xsd
http://www.mulesoft.org/schema/mule/core http://www.mulesoft.org/schema/mule/core/current/mule.xsd
http://www.mulesoft.org/schema/mule/ee/tracking http://www.mulesoft.org/schema/mule/ee/tracking/current/mule-tracking-ee.xsd
http://www.mulesoft.org/schema/mule/http http://www.mulesoft.org/schema/mule/http/current/mule-http.xsd
http://www.mulesoft.org/schema/mule/db http://www.mulesoft.org/schema/mule/db/current/mule-db.xsd
http://www.mulesoft.org/schema/mule/json http://www.mulesoft.org/schema/mule/json/current/mule-json.xsd
http://www.mulesoft.org/schema/mule/ee/dw http://www.mulesoft.org/schema/mule/ee/dw/current/dw.xsd
http://www.mulesoft.org/schema/mule/validation http://www.mulesoft.org/schema/mule/validation/current/mule-validation.xsd
http://www.mulesoft.org/schema/mule/apikit http://www.mulesoft.org/schema/mule/apikit/current/mule-apikit.xsd
http://www.mulesoft.org/schema/mule/file http://www.mulesoft.org/schema/mule/file/current/mule-file.xsd
http://www.mulesoft.org/schema/mule/ws http://www.mulesoft.org/schema/mule/ws/current/mule-ws.xsd
http://www.mulesoft.org/schema/mule/amqp http://www.mulesoft.org/schema/mule/amqp/current/mule-amqp.xsd
http://www.mulesoft.org/schema/mule/xml http://www.mulesoft.org/schema/mule/xml/current/mule-xml.xsd">
      <flow name="accountsMainFlow">
        <flow-ref name="inputValidation" doc:name="ValidateInput"/>
        <db:select config-ref="MySQL_Configuration1" doc:name="Repository">
            <db:parameterized-query><![CDATA[select 
a.AccountId,a.AccountType
from 
accountdescriptor a 
inner join account b 
on a.AccountDescriptorId = 
b.AccDescriptorId
where a.AccountId = #[json:accountId]]]></db:parameterized-query>
        </db:select>
        <validation:is-not-empty message="Account Not Found !" exceptionClass="java.util.NoSuchElementException" value="#[payload]" doc:name="AccountExistsValidation"/>
        <set-session-variable variableName="accountId" value="#[payload.get(0).AccountId]" doc:name="Session Variable"/>
        <set-variable variableName="accType" value="#[payload.get(0).AccountType]" doc:name="Variable"/>
        <choice doc:name="Choice">
            <when expression="#[flowVars.accType == &quot;LOAN&quot;]">
                <flow-ref name="getLoanAccountDetails" doc:name="GetLoanAccountDetails"/>
            </when>
            <otherwise>
                <flow-ref name="getInvestmentAccountDetails" doc:name="getInvestmentAccountDetails"/>
            </otherwise>
        </choice>
        <logger level="INFO" doc:name="Logger"/>
    </flow>
       
    <sub-flow name="inputValidation">
        <validation:is-not-empty message="AccountId should not be empty !" exceptionClass="java.lang.IllegalArgumentException" value="#[json:accountId]" doc:name="NullValidation"/>
        <validation:matches-regex message="Account Id has invalid pattern !" exceptionClass="java.lang.IllegalArgumentException" value="#[json:accountId]" regex="\d++" doc:name="PatternValidation"/>
        <validation:validate-size message="Account Id has invalid length !" exceptionClass="java.lang.IllegalArgumentException" value="#[json:accountId]" max="128" doc:name="LengthValidation"/>
    </sub-flow>

     <sub-flow name="getLoanAccountDetails">
        <db:select config-ref="MySQL_Configuration1" doc:name="Database">
            <db:parameterized-query><![CDATA[select 
a.AccountId,a.AccountType,a.DisplayName,a.Description,a.Status,a.customerId
,b.Nickname,b.LineOfBusiness,b.AccountNumber,b.InterestRate,b.Currency,b.InterestRateType
,c.LoanAccountId,c.BalanceAsOf,c.PrincipalBalance,c.LoanTerm,c.TotalNumberOfPayments,c.NextPaymentAmount,c.NextPaymentDate,c.LastPaymentAmount,c.LastPaymentDate,c.PaymentFrequency
from 
accountdescriptor a 
inner join account b 
on a.AccountDescriptorId = 
b.AccDescriptorId
inner join loanaccount c 
on c.AccountId = b.AccountMasterId
where a.AccountId = #[sessionVars.accountId]]]></db:parameterized-query>
        </db:select>
        <dw:transform-message doc:name="Transform Message" metadata:id="c58a5a54-dd91-4536-adbd-2681df1e31c2">
            <dw:input-payload doc:sample="sample_data\list_map_1.dwl"/>
            <dw:set-payload><![CDATA[%dw 1.0
%output application/json
---
payload]]></dw:set-payload>
        </dw:transform-message>

 
    </sub-flow>
  
   <sub-flow name="getInvestmentAccountDetails">
        <db:select config-ref="MySQL_Configuration1" doc:name="Database">
            <db:parameterized-query><![CDATA[select 
a.AccountId,a.AccountType,a.DisplayName,a.Description,a.Status,a.customerId
,b.Nickname,b.LineOfBusiness,b.AccountNumber,b.InterestRate,b.Currency,b.InterestRateType
,c.InvestmentAccountId,c.BalanceAsOf,c.AvailableCashBalance
from 
accountdescriptor a 
inner join account b
on a.AccountDescriptorId = b.AccDescriptorId
inner join investmentaccount c 
on b.AccountMasterId = c.RefIAccountId
where a.AccountId = #[sessionVars.accountId]]]></db:parameterized-query>
        </db:select>
        <dw:transform-message doc:name="Transform Message">
            <dw:input-payload doc:sample="sample_data\list_map_4.dwl"/>
            <dw:set-payload><![CDATA[%dw 1.0
%output application/json
---
payload]]></dw:set-payload>
        </dw:transform-message>


 
    </sub-flow>

</mule>
