{
    "name": "Axis Bank",
	"customerId": "111111101",
    "Prefix": "Mrs",
    "First": "Isla",
    "Last": "Jackson",
    "Line1": "964 Lovelace Road",
    "Line2": "Tampa1 Bay",
    "City": "California",
	"State": "US",
    "Country": "United states",
	"Zip": "90001",
    "AccountNumber": "4561237890",
    "Currency": "INR",
    "TransactionId": "111222333444555",
	"TransactionTimestamp": "2018-07-12T10:30:00",
	"Description": "Check Transfer",
	"Amount": 1000.0,
	"Status": "POSTED"
  }