<?xml version="1.0" encoding="UTF-8"?>

<mule xmlns:ws="http://www.mulesoft.org/schema/mule/ws" xmlns:amqp="http://www.mulesoft.org/schema/mule/amqp" xmlns:db="http://www.mulesoft.org/schema/mule/db" xmlns:cluster="http://www.mulesoft.org/schema/mule/ee/cluster" xmlns:http="http://www.mulesoft.org/schema/mule/http" xmlns="http://www.mulesoft.org/schema/mule/core" xmlns:doc="http://www.mulesoft.org/schema/mule/documentation"
	xmlns:spring="http://www.springframework.org/schema/beans" 
	xmlns:xsi="http://www.w3.org/2001/XMLSchema-instance"
	xsi:schemaLocation="http://www.springframework.org/schema/beans http://www.springframework.org/schema/beans/spring-beans-current.xsd
http://www.mulesoft.org/schema/mule/core http://www.mulesoft.org/schema/mule/core/current/mule.xsd
http://www.mulesoft.org/schema/mule/http http://www.mulesoft.org/schema/mule/http/current/mule-http.xsd
http://www.mulesoft.org/schema/mule/amqp http://www.mulesoft.org/schema/mule/amqp/current/mule-amqp.xsd
http://www.mulesoft.org/schema/mule/db http://www.mulesoft.org/schema/mule/db/current/mule-db.xsd
http://www.mulesoft.org/schema/mule/ws http://www.mulesoft.org/schema/mule/ws/current/mule-ws.xsd">
    <configuration defaultExceptionStrategy-ref="globalChoice_Exception_Strategy" doc:name="Configuration">
        <http:config useTransportForUris="false"/>
    </configuration>
    <db:mysql-config name="MySQL_Configuration" host="localhost" port="3306" user="root" password="root" database="stargate" doc:name="MySQL Configuration"/>
    <http:listener-config name="HTTP_Listener_Configuration" host="0.0.0.0" port="8081" doc:name="HTTP Listener Configuration"/>
    <ws:consumer-config name="Web_Service_Consumer" wsdlLocation="http://34.236.109.151:8000/ws/bankdetails.wsdl" service="BankDetailPortService" port="BankDetailPortSoap11" serviceAddress="http://34.236.109.151:8000/ws" doc:name="Web Service Consumer"/>
    <amqp:connector name="AMQP_0_9_Connector" validateConnections="true" host="chimpanzee.rmq.cloudamqp.com" virtualHost="hgbgurfs" username="hgbgurfs" password="Kr58dMs1WlIgB1KZhFrntsTYF7rGxA-K" doc:name="AMQP-0-9 Connector"/>
    <choice-exception-strategy name="globalChoice_Exception_Strategy">
        <catch-exception-strategy doc:name="Bad Request" when="#[exception.causedBy(org.mule.extension.validation.api.ValidationException)]">
            <set-property propertyName="http.status" value="400" doc:name="Property"/>
            <set-payload value="{
&quot;code&quot; : 400,
&quot;message&quot; : &quot;#[exception.message]&quot;
}" doc:name="Set Payload" mimeType="application/json"/>
            <logger level="INFO" doc:name="Logger" message="#[payload]"/>
        </catch-exception-strategy>
        <catch-exception-strategy  doc:name="Method Not Allowed Exception Strategy" when="#[exception.causedBy(org.mule.module.apikit.exception.MethodNotAllowedException)]">
          <!--   <set-payload value="Method not allowed" doc:name="Set Payload"/>
            <set-property propertyName="http.status" value="405" doc:name="Property"/> -->
             <set-payload value="{
&quot;code&quot; : 405,
&quot;message&quot; : &quot;#[exception.message]&quot;
}" doc:name="Set Payload"/>
             <set-property propertyName="http.status" value="405" doc:name="Property"/>
             <logger level="INFO" doc:name="Logger"/>
        </catch-exception-strategy> 
          <!-- <catch-exception-strategy  doc:name="NotAcceptable Exception Strategy" when="#[exception.causedBy(org.mule.module.apikit.exception.NotAcceptableException)]">
            <set-payload value="Not Acceptable" doc:name="Set Payload"/>
            <set-property propertyName="http.status" value="406" doc:name="Property"/>
            <set-payload value="Not acceptable" doc:name="Set Payload"/>
            <set-property propertyName="http.status" value="406" doc:name="Property"/>
            <logger level="INFO" doc:name="Logger"/> 
        </catch-exception-strategy>  -->
  
        <catch-exception-strategy doc:name="resource Not Found" when="#[exception.causedBy(org.mule.module.apikit.exception.NotFoundException)]">
            <set-payload value="{
&quot;code&quot; : 404,
&quot;message&quot; : &quot;#[exception.message]&quot;
}" doc:name="Set Payload"/>
            <set-property propertyName="http.status" value="404" doc:name="Property"/>
            <logger level="INFO" doc:name="Logger"/>
        </catch-exception-strategy>
        <catch-exception-strategy doc:name="Internal server error">
            <set-payload value="{
&quot;code&quot; : 500,
&quot;message&quot; : &quot;#[exception.message]&quot;
}" doc:name="Set Payload"/>
            <set-property propertyName="http.status" value="500" doc:name="Property"/>
            <logger level="INFO" doc:name="Logger"/>
        </catch-exception-strategy>
    </choice-exception-strategy>
</mule>
