<?xml version="1.0" encoding="UTF-8"?>

<mule xmlns:amqp="http://www.mulesoft.org/schema/mule/amqp" xmlns:tracking="http://www.mulesoft.org/schema/mule/ee/tracking" xmlns:ws="http://www.mulesoft.org/schema/mule/ws" 
xmlns:validation="http://www.mulesoft.org/schema/mule/validation" 
xmlns:json="http://www.mulesoft.org/schema/mule/json" 
xmlns:dw="http://www.mulesoft.org/schema/mule/ee/dw" 
xmlns:db="http://www.mulesoft.org/schema/mule/db" 
xmlns:metadata="http://www.mulesoft.org/schema/mule/metadata"
xmlns:http="http://www.mulesoft.org/schema/mule/http"
xmlns="http://www.mulesoft.org/schema/mule/core" xmlns:doc="http://www.mulesoft.org/schema/mule/documentation"
	xmlns:spring="http://www.springframework.org/schema/beans" 
	xmlns:xsi="http://www.w3.org/2001/XMLSchema-instance"
	xsi:schemaLocation="http://www.springframework.org/schema/beans http://www.springframework.org/schema/beans/spring-beans-current.xsd
http://www.mulesoft.org/schema/mule/core http://www.mulesoft.org/schema/mule/core/current/mule.xsd
http://www.mulesoft.org/schema/mule/http http://www.mulesoft.org/schema/mule/http/current/mule-http.xsd
http://www.mulesoft.org/schema/mule/db http://www.mulesoft.org/schema/mule/db/current/mule-db.xsd
http://www.mulesoft.org/schema/mule/ee/dw http://www.mulesoft.org/schema/mule/ee/dw/current/dw.xsd
http://www.mulesoft.org/schema/mule/json http://www.mulesoft.org/schema/mule/json/current/mule-json.xsd
http://www.mulesoft.org/schema/mule/validation http://www.mulesoft.org/schema/mule/validation/current/mule-validation.xsd
http://www.mulesoft.org/schema/mule/ee/tracking http://www.mulesoft.org/schema/mule/ee/tracking/current/mule-tracking-ee.xsd
http://www.mulesoft.org/schema/mule/ws http://www.mulesoft.org/schema/mule/ws/current/mule-ws.xsd
http://www.mulesoft.org/schema/mule/amqp http://www.mulesoft.org/schema/mule/amqp/current/mule-amqp.xsd">
       <flow name="implementationFlow">
        <http:listener config-ref="HTTP_Listener_Configuration" path="/accounts/transfer" allowedMethods="GET" doc:name="HTTP"/>
        <validation:all doc:name="Validation">
            <validation:validations>
                <validation:matches-regex value="#[message.inboundProperties.'http.query.params'.status]" regex="\bfailure|FAILURE\b" message="Status is Wrong"/>
                <validation:matches-regex value="#[message.inboundProperties.'http.query.params'.customerId]" regex="[0-9]{9}" message="Customer Id Not Valid"/>
            </validation:validations>
        </validation:all>
        <!-- <validation:all doc:name="Validation">
            <validation:validations>
                <validation:matches-regex value="#[payload.customerId]" regex="[0-9]{9}" message="Customer Id Not Valid"/>
            </validation:validations>
        </validation:all> -->
        <!-- <validation:all doc:name="Validation">
            <validation:validations>
                <validation:matches-regex value="#[flowVars.customerId] " regex="[0-9]{10}" message="customer Id not valid"/>
                <validation:matches-regex value="#[flowVars.status] " regex="\b[failure\FAILURE]\b" message="status is wrong"/>
            </validation:validations>
        </validation:all> -->
        <db:select config-ref="MySQL_Configuration" doc:name="Database">
            <db:parameterized-query><![CDATA[Select  t.TransferId, t.FromAccountId, t.ToAccountId, t.Amount, t.Memo, ts.Status,  d.CustomerId
from transfer t
inner join accountdescriptor d
on t.FromAccountId= d.AccountId
inner join transferstatus ts
on ts.TransferId = t.TransferId
where d.CustomerId =  #[message.inboundProperties.'http.query.params'.customerId]
and ts.Status= #[message.inboundProperties.'http.query.params'.status]]]></db:parameterized-query>
        </db:select>
        <validation:is-not-empty message="Customer Not Found" exceptionClass="org.mule.module.apikit.exception.NotFoundException" value="#[payload]" doc:name="Validation"/>
        <dw:transform-message doc:name="Transform Message">
            <dw:input-payload doc:sample="sample_data\list_map_1.dwl"/>
            <dw:set-payload><![CDATA[%dw 1.0
%output application/java
---
payload

    ]]></dw:set-payload>
        </dw:transform-message>

        <scatter-gather doc:name="Scatter-Gather">
            <custom-aggregation-strategy class="com.stargate.aggregator.CustomAggregator"/>
            <flow-ref name="RabbitAMQP" doc:name="RabbitAMQP"/>
            <processor-chain>
                <json:object-to-json-transformer doc:name="Object to JSON"/>
                <dw:transform-message doc:name="Transform Message" metadata:id="968adbf6-2870-4859-b8fa-9a87407b79c3">
                    <dw:input-payload doc:sample="example.json" mimeType="application/json"/>
                    <dw:set-payload><![CDATA[%dw 1.0
%output application/java
---
{
	amount: payload.amount,
	customerId: payload.customerId,
	fromAccountId: payload.fromAccountId,
	memo: payload.memo,
	status: payload.status,
	toAccountId: payload.toAccountId,
	transferId: payload.transferId
}]]></dw:set-payload>
                </dw:transform-message>

            </processor-chain>
            <processor-chain>

                <flow-ref name="SOAP_Web" doc:name="SOAP_Web"/>
                <logger message="#[payload]" level="INFO" doc:name="Logger"/>

            </processor-chain>
           
        </scatter-gather>

    </flow>
    
    
  <flow name="SOAP_Web">

        <set-variable variableName="customerId" value="#[message.inboundProperties.'http.query.params'.customerId]" doc:name="Variable"/>
        <dw:transform-message doc:name="Transform Message">
            <dw:set-payload><![CDATA[%dw 1.0
%output application/xml
%namespace ns0 http://bank-web-service
---
{
	ns0#getBankDetailsRequest: {
		ns0#customerId: flowVars.customerId as :string
	}
}]]></dw:set-payload>
        </dw:transform-message>
        <ws:consumer config-ref="Web_Service_Consumer" operation="getBankDetails" doc:name="Web Service Consumer"/>

        <dw:transform-message doc:name="Transform Message" metadata:id="c9acf2cb-2fb7-4032-b87a-85114b0bc21c">
            <dw:set-payload><![CDATA[%dw 1.0
%output application/json
%namespace ns0 http://bank-web-service
---
[{
	bank: {
		bankName: payload.ns0#getBankDetailsResponse.ns0#bank.ns0#bankName,
		branch: {
			branchName: payload.ns0#getBankDetailsResponse.ns0#bank.ns0#branch.ns0#branchName,
			ifsc: payload.ns0#getBankDetailsResponse.ns0#bank.ns0#branch.ns0#ifsc,
			address: payload.ns0#getBankDetailsResponse.ns0#bank.ns0#branch.ns0#address,
			city: payload.ns0#getBankDetailsResponse.ns0#bank.ns0#branch.ns0#city,
			state: payload.ns0#getBankDetailsResponse.ns0#bank.ns0#branch.ns0#state,
			country: payload.ns0#getBankDetailsResponse.ns0#bank.ns0#branch.ns0#country,
			zip: payload.ns0#getBankDetailsResponse.ns0#bank.ns0#branch.ns0#zip,
			telephone: payload.ns0#getBankDetailsResponse.ns0#bank.ns0#branch.ns0#telephone,
			email: payload.ns0#getBankDetailsResponse.ns0#bank.ns0#branch.ns0#email
		}
	}
}]]]></dw:set-payload>
        </dw:transform-message>

        <!-- <json:xml-to-json-transformer doc:name="XML to JSON"/> -->
        <logger level="INFO" doc:name="Logger"/>
    </flow>
    <flow name="RabbitAMQP">
        <object-to-string-transformer doc:name="Object to String"/>

        <amqp:outbound-endpoint responseTimeout="10000" exchange-pattern="request-response" doc:name="AMQP-0-9" connector-ref="AMQP_0_9_Connector" queueName="pp"/>
        <logger level="INFO" doc:name="Logger"/>
    </flow>
  
</mule>
