<?xml version="1.0" encoding="UTF-8"?>

<mule xmlns:mule-ss="http://www.mulesoft.org/schema/mule/spring-security"
	xmlns:file="http://www.mulesoft.org/schema/mule/file" xmlns:ws="http://www.mulesoft.org/schema/mule/ws" xmlns:amqp="http://www.mulesoft.org/schema/mule/amqp" xmlns:cluster="http://www.mulesoft.org/schema/mule/ee/cluster"
	xmlns:http="http://www.mulesoft.org/schema/mule/http" xmlns:apikit="http://www.mulesoft.org/schema/mule/apikit"
	xmlns:db="http://www.mulesoft.org/schema/mule/db" xmlns:context="http://www.springframework.org/schema/context"
	xmlns="http://www.mulesoft.org/schema/mule/core" xmlns:doc="http://www.mulesoft.org/schema/mule/documentation"
	xmlns:spring="http://www.springframework.org/schema/beans" xmlns:xsi="http://www.w3.org/2001/XMLSchema-instance"
	xsi:schemaLocation="http://www.mulesoft.org/schema/mule/spring-security http://www.mulesoft.org/schema/mule/spring-security/current/mule-spring-security.xsd
http://www.mulesoft.org/schema/mule/apikit http://www.mulesoft.org/schema/mule/apikit/current/mule-apikit.xsd
http://www.springframework.org/schema/beans http://www.springframework.org/schema/beans/spring-beans-current.xsd
http://www.mulesoft.org/schema/mule/core http://www.mulesoft.org/schema/mule/core/current/mule.xsd
http://www.mulesoft.org/schema/mule/db http://www.mulesoft.org/schema/mule/db/current/mule-db.xsd
http://www.springframework.org/schema/context http://www.springframework.org/schema/context/spring-context-current.xsd
http://www.mulesoft.org/schema/mule/http http://www.mulesoft.org/schema/mule/http/current/mule-http.xsd
http://www.mulesoft.org/schema/mule/amqp http://www.mulesoft.org/schema/mule/amqp/current/mule-amqp.xsd
http://www.mulesoft.org/schema/mule/ws http://www.mulesoft.org/schema/mule/ws/current/mule-ws.xsd
http://www.mulesoft.org/schema/mule/file http://www.mulesoft.org/schema/mule/file/current/mule-file.xsd">
	<spring:beans>
		<spring:bean id="MyValidator" class="depositaccountapi.CustomValidator" name="Bean">
		</spring:bean>
	</spring:beans>
	<spring:beans>
        <spring:import resource="classpath:beans.xml" />
    </spring:beans>
	<mule-ss:security-manager name="_muleSecurityManager" doc:name="Spring Security Provider">
		<mule-ss:delegate-security-provider name="memory-provider" delegate-ref="authenticationManager" >
		</mule-ss:delegate-security-provider>
	</mule-ss:security-manager>
	<http:listener-config name="DepositAccountRamldesign-httpListenerConfig"
		host="0.0.0.0" port="8090" doc:name="HTTP Listener Configuration" />
	<db:mysql-config name="MySQL_Configuration" host="${db.host}"
		port="${db.port}" user="${db.user}" password="${db.password}"
		database="${db.database}" doc:name="MySQL Configuration" />
	<context:property-placeholder location="account-${env}.properties" />
	<configuration defaultExceptionStrategy-ref="Choice_Exception_Strategy"
		doc:name="Configuration">
		<http:config useTransportForUris="false" />
	</configuration>
    <amqp:connector name="AMQP_0_9_Connector" validateConnections="true" host="${amqp.hostname}" virtualHost="${amqp.vhost}" username="${amqp.username}" password="${amqp.password}" doc:name="AMQP-0-9 Connector" port="${amqp.port}"/>
    <ws:consumer-config name="Web_Service_Consumer" wsdlLocation="bankdetails.wsdl.xml" service="BankDetailPortService" port="BankDetailPortSoap11" serviceAddress="http://34.236.109.151:8000/ws" doc:name="Web Service Consumer"/>
    <file:connector name="SoapDataFile" outputPattern="${file.name}" writeToDirectory="${file.path}" autoDelete="true" outputAppend="true" streaming="true" validateConnections="true" doc:name="File"/>
	<apikit:mapping-exception-strategy
		name="Choice_Exception_Strategy">
		<apikit:mapping statusCode="204">
			<apikit:exception
				value="org.mule.module.apikit.exception.NotFoundException" />
			<set-property propertyName="Content-Type" value="application/json"
				doc:name="Property" />
			<set-payload
				value="{ &quot;code&quot; : 204 , &quot;message&quot; : &quot;There is no deposit account which is getting matured in the next 15 days&quot;}"
				doc:name="Set Payload" />
		</apikit:mapping>
		<apikit:mapping statusCode="400">
			<apikit:exception
				value="org.mule.module.apikit.exception.BadRequestException" />
			<set-property propertyName="Content-Type" value="application/json"
				doc:name="Property" />
			<set-payload
				value="{   &quot;code&quot; : 400,  &quot;message&quot;: &quot;#[exception.message]&quot;  }"
				doc:name="Set Payload" />
		</apikit:mapping>
		<apikit:mapping statusCode="401">
            <apikit:exception value="org.springframework.security.authentication.BadCredentialsException"/>
            <apikit:exception value="org.mule.api.security.NotPermittedException"/>
            <set-property propertyName="Content-Type" value="application/json" doc:name="Property"/>
            <set-payload doc:name="Set Payload" value="{ &quot;code&quot;: &quot;401&quot;, &quot;message&quot;: &quot;Unauthorized Request&quot; }"/>
        </apikit:mapping>
		<apikit:mapping statusCode="405">
			<apikit:exception
				value="org.mule.module.apikit.exception.MethodNotAllowedException" />
			<set-property propertyName="Content-Type" value="application/json"
				doc:name="Property" />
			<set-payload
				value="{
	&quot;code&quot;: 405,
	 &quot;message&quot;: &quot;Method not allowed please check and verify your request&quot; 
}"
				doc:name="Set Payload" />
		</apikit:mapping>
		<apikit:mapping statusCode="500">
			<apikit:exception value="java.lang.Exception" />
			<set-property propertyName="Content-Type" value="application/json"
				doc:name="Property" />
			<set-payload
				value="{ &quot;code&quot;:500,&quot;message&quot;: &quot;Internal server error&quot; }"
				doc:name="Set Payload" />
		</apikit:mapping>
	</apikit:mapping-exception-strategy>
</mule>
