<?xml version="1.0" encoding="UTF-8"?>

<mule xmlns:file="http://www.mulesoft.org/schema/mule/file"
	xmlns:ws="http://www.mulesoft.org/schema/mule/ws" xmlns:json="http://www.mulesoft.org/schema/mule/json"
	xmlns:http="http://www.mulesoft.org/schema/mule/http" xmlns:amqp="http://www.mulesoft.org/schema/mule/amqp"
	xmlns:metadata="http://www.mulesoft.org/schema/mule/metadata"
	xmlns:validation="http://www.mulesoft.org/schema/mule/validation"
	xmlns:tracking="http://www.mulesoft.org/schema/mule/ee/tracking"
	xmlns:dw="http://www.mulesoft.org/schema/mule/ee/dw" xmlns:db="http://www.mulesoft.org/schema/mule/db"
	xmlns="http://www.mulesoft.org/schema/mule/core" xmlns:doc="http://www.mulesoft.org/schema/mule/documentation"
	xmlns:spring="http://www.springframework.org/schema/beans" xmlns:xsi="http://www.w3.org/2001/XMLSchema-instance"
	xsi:schemaLocation="http://www.springframework.org/schema/beans http://www.springframework.org/schema/beans/spring-beans-current.xsd
http://www.mulesoft.org/schema/mule/core http://www.mulesoft.org/schema/mule/core/current/mule.xsd
http://www.mulesoft.org/schema/mule/db http://www.mulesoft.org/schema/mule/db/current/mule-db.xsd
http://www.mulesoft.org/schema/mule/ee/dw http://www.mulesoft.org/schema/mule/ee/dw/current/dw.xsd
http://www.mulesoft.org/schema/mule/validation http://www.mulesoft.org/schema/mule/validation/current/mule-validation.xsd
http://www.mulesoft.org/schema/mule/ee/tracking http://www.mulesoft.org/schema/mule/ee/tracking/current/mule-tracking-ee.xsd
http://www.mulesoft.org/schema/mule/amqp http://www.mulesoft.org/schema/mule/amqp/current/mule-amqp.xsd
http://www.mulesoft.org/schema/mule/json http://www.mulesoft.org/schema/mule/json/current/mule-json.xsd
http://www.mulesoft.org/schema/mule/ws http://www.mulesoft.org/schema/mule/ws/current/mule-ws.xsd
http://www.mulesoft.org/schema/mule/http http://www.mulesoft.org/schema/mule/http/current/mule-http.xsd
http://www.mulesoft.org/schema/mule/file http://www.mulesoft.org/schema/mule/file/current/mule-file.xsd">
	<flow name="implementationFlow">
		<validation:custom-validator
			exceptionClass="org.mule.module.apikit.exception.BadRequestException"
			ref="MyValidator" doc:name="Validation" />
		<db:select config-ref="MySQL_Configuration" doc:name="Database">
			<db:parameterized-query><![CDATA[SELECT * FROM depositaccount d inner join 
account a inner join accountdescriptor ad on 
d.RefAccountId = a.AccountMasterId and a.AccDescriptorId = ad.AccountDescriptorId where
d.MaturityDate between #[message.outboundProperties.currentDate] and #[message.outboundProperties.maturityDate]]]></db:parameterized-query>
		</db:select>
		<validation:is-not-empty
			exceptionClass="org.mule.module.apikit.exception.NotFoundException"
			value="#[payload]" doc:name="Validation" />
		<dw:transform-message doc:name="Transform Message"
			metadata:id="893c1177-fe71-4e92-9a1b-4598aee146fd">
			<dw:input-payload doc:sample="sample_data\list_map.dwl" />
			<dw:set-payload><![CDATA[%dw 1.0
%output application/java
---
payload map ((payload01 , indexOfPayload01) -> {
	accountId: payload01.AccountId,
	accountNumber: payload01.AccountNumber,
	accountType: payload01.AccountType,
	balanceAsOf: payload01.BalanceAsOf as :string,
	currentBalance: payload01.CurrentBalance,
	interestRate: payload01.InterestRate,
	maturityDate: payload01.MaturityDate as :string,
	nickname: payload01.Nickname,
	status: payload01.Status
})]]></dw:set-payload>
			<dw:set-property propertyName="customerId"><![CDATA[%dw 1.0
%output application/json
---
payload map ((payload01 , indexOfPayload01) -> {
	customerId: payload01.CustomerId as :number
})]]></dw:set-property>
			

		</dw:transform-message>
		<scatter-gather doc:name="Scatter-Gather">
			<custom-aggregation-strategy class="depositaccountapi.CustomAggregation" />
			<flow-ref name="rabbitMQSubFlow" doc:name="rabbitMQSubFlow" />
			<logger message="#[payload]" level="INFO" doc:name="Logger" />
			<flow-ref name="soapServiceFlow" doc:name="soapServiceFlow" />
		</scatter-gather>
		<logger message="#[payload]" level="INFO" doc:name="Logger" />
	</flow>
	<sub-flow name="rabbitMQSubFlow">
		<dw:transform-message doc:name="Transform Object to Json">
			<dw:set-payload><![CDATA[%dw 1.0
%output application/json
---
payload map ((payload01 , indexOfPayload01) -> {
	accountId: payload01.accountId,
	accountNumber: payload01.accountNumber,
	accountType: payload01.accountType,
	balanceAsOf: payload01.balanceAsOf as :string,
	currentBalance: payload01.currentBalance,
	interestRate: payload01.interestRate,
	maturityDate: payload01.maturityDate as :string,
	nickname: payload01.nickname,
	status: payload01.status
})]]></dw:set-payload>
		</dw:transform-message>
		<amqp:outbound-endpoint queueName="rabbit-mule"
			exchangeType="direct" responseTimeout="10000" exchange-pattern="request-response"
			doc:name="AMQP-0-9" />

	</sub-flow>
	<flow name="soapServiceFlow">
		<dw:transform-message doc:name="Transform Message"
			metadata:id="0487ffde-95ec-4577-a11e-e177a31e689c">
			<dw:input-outbound-property doc:sample="sample_data\string_5.dwl"
				propertyName="customerId" />
			<dw:set-payload><![CDATA[%dw 1.0
%output application/java
---
outboundProperties.customerId map ((customerId , indexOfCustomerId) -> {
	customerId: customerId.customerId
})]]></dw:set-payload>
		</dw:transform-message>
		<foreach doc:name="For Each">
			<dw:transform-message doc:name="Transform Message">
				<dw:set-payload><![CDATA[%dw 1.0
%output application/xml
%namespace ns0 http://bank-web-service
---
{
	ns0#getBankDetailsRequest: {
		ns0#customerId: payload.customerId
	}
}]]></dw:set-payload>
			</dw:transform-message>
			<ws:consumer config-ref="Web_Service_Consumer" operation="getBankDetails"
				doc:name="Soap Service Consumer" />
            <dw:transform-message doc:name="Transform Message" metadata:id="0de76967-f4c8-4eda-a282-a5fd424be805">
                <dw:set-payload><![CDATA[%dw 1.0
%output application/json
%namespace ns0 http://bank-web-service
---
{
	bank: {
		bankName: payload.ns0#getBankDetailsResponse.ns0#bank.ns0#bankName,
		branch: {
			branchName: payload.ns0#getBankDetailsResponse.ns0#bank.ns0#branch.ns0#branchName,
			ifsc: payload.ns0#getBankDetailsResponse.ns0#bank.ns0#branch.ns0#ifsc,
			address: payload.ns0#getBankDetailsResponse.ns0#bank.ns0#branch.ns0#address,
			city: payload.ns0#getBankDetailsResponse.ns0#bank.ns0#branch.ns0#city,
			state: payload.ns0#getBankDetailsResponse.ns0#bank.ns0#branch.ns0#state,
			country: payload.ns0#getBankDetailsResponse.ns0#bank.ns0#branch.ns0#country,
			zip: payload.ns0#getBankDetailsResponse.ns0#bank.ns0#branch.ns0#zip,
			telephone: payload.ns0#getBankDetailsResponse.ns0#bank.ns0#branch.ns0#telephone,
			email: payload.ns0#getBankDetailsResponse.ns0#bank.ns0#branch.ns0#email
		}
	}
}]]></dw:set-payload>
            </dw:transform-message>
            <file:outbound-endpoint path="${file.path}" connector-ref="SoapDataFile" responseTimeout="10000" doc:name="File"/>
		</foreach>

		<set-payload value="#[NullPayload]" doc:name="Set Payload" />


	</flow>
</mule>
