<?xml version="1.0" encoding="UTF-8"?>
<Configuration>
  <Appenders>
    <!-- File Appender -->
    <File name="File" fileName="D:\RASHMI\logs\sprint.log">
      <PatternLayout pattern="%d{yyyy-MMM-dd HH:mm:ss a} [%t] %-5level %logger{36} - %msg%n" />
    </File>
    
  </Appenders>

  <Loggers>
    <!-- Log everything in custom package -->
    <Logger name="com.capgemini.stargate.controller" level="debug" additivity="false">
      <AppenderRef ref="File" />
    </Logger>

    <Root level="error">
      <AppenderRef ref="File" />
    </Root>
    
  </Loggers>
</Configuration>