<?xml version="1.0" encoding="UTF-8"?>

<mule xmlns:cluster="http://www.mulesoft.org/schema/mule/ee/cluster" xmlns:http="http://www.mulesoft.org/schema/mule/http" xmlns:apikit="http://www.mulesoft.org/schema/mule/apikit" xmlns="http://www.mulesoft.org/schema/mule/core" xmlns:doc="http://www.mulesoft.org/schema/mule/documentation"
	xmlns:spring="http://www.springframework.org/schema/beans" 
	xmlns:xsi="http://www.w3.org/2001/XMLSchema-instance"
	xsi:schemaLocation="http://www.springframework.org/schema/beans http://www.springframework.org/schema/beans/spring-beans-current.xsd
http://www.mulesoft.org/schema/mule/core http://www.mulesoft.org/schema/mule/core/current/mule.xsd
http://www.mulesoft.org/schema/mule/apikit http://www.mulesoft.org/schema/mule/apikit/current/mule-apikit.xsd
http://www.mulesoft.org/schema/mule/http http://www.mulesoft.org/schema/mule/http/current/mule-http.xsd">
    <configuration defaultExceptionStrategy-ref="Choice_Exception_Strategy" doc:name="Configuration">
        <http:config useTransportForUris="false"/>
    </configuration>
    <choice-exception-strategy name="Choice_Exception_Strategy">
            <catch-exception-strategy when="#[exception.causedBy(org.mule.module.apikit.exception.NotFoundException) ]" doc:name="Resource Not Found">
            <set-payload value="
Resource not found k" doc:name="Set Payload"/>
            <set-property propertyName="http.status" value="404" doc:name="Property"/>
            <logger message="#[payload]" level="INFO" doc:name="Logger"/>
        </catch-exception-strategy>
          <catch-exception-strategy  doc:name="Method not allowed" when="#[exception.causedBy(org.mule.module.apikit.exception.MethodNotAllowedException)]">
            <set-payload value="Method not allowed k" doc:name="Set Payload"/>
            <set-property propertyName="http.status" value="405" doc:name="Property"/>
            <logger level="INFO" doc:name="Logger"/>
        </catch-exception-strategy>
         <catch-exception-strategy  doc:name="Unsupported media type" when="#[exception.causedBy(org.mule.module.apikit.exception.UnsupportedMediaTypeException)]">
            <set-payload value="Unsupported media type k" doc:name="Set Payload"/>
            <set-property propertyName="http.status" value="415" doc:name="Property"/>
            <logger level="INFO" doc:name="Logger"/>
        </catch-exception-strategy>
          <catch-exception-strategy  doc:name="Not acceptable" when="#[exception.causedBy(org.mule.module.apikit.exception.NotAcceptableException)]">
            <set-payload value="Not acceptable k" doc:name="Set Payload"/>
            <set-property propertyName="http.status" value="406" doc:name="Property"/>
            <logger level="INFO" doc:name="Logger"/>
        </catch-exception-strategy>
         <catch-exception-strategy  doc:name="Bad request" when="#[exception.causedBy(org.mule.module.apikit.exception.BadRequestException)]">
            <set-payload value="{
code : 400,
message : Bad request k
}" doc:name="Set Payload"/>
            <set-property propertyName="http.status" value="400" doc:name="Property"/>
            <logger level="INFO" doc:name="Logger"/>
        </catch-exception-strategy>
        <catch-exception-strategy  doc:name="SQL Exception" when="#[exception.causedBy(java.sql.SQLException)]">
            <set-payload value="Error in MYSQL Database k" doc:name="Set Payload"/>
            <set-property propertyName="http.status" value="500" doc:name="Property"/>
            <logger level="INFO" doc:name="Logger"/>
        </catch-exception-strategy>
        <catch-exception-strategy doc:name="Catch Exception Strategy"/>
        </choice-exception-strategy>
</mule>
