<?xml version="1.0" encoding="UTF-8"?>

<mule xmlns:validation="http://www.mulesoft.org/schema/mule/validation" xmlns:dw="http://www.mulesoft.org/schema/mule/ee/dw" xmlns:db="http://www.mulesoft.org/schema/mule/db" xmlns:tracking="http://www.mulesoft.org/schema/mule/ee/tracking" xmlns:http="http://www.mulesoft.org/schema/mule/http" xmlns="http://www.mulesoft.org/schema/mule/core" xmlns:doc="http://www.mulesoft.org/schema/mule/documentation"
	xmlns:spring="http://www.springframework.org/schema/beans" 
	xmlns:xsi="http://www.w3.org/2001/XMLSchema-instance"
	xsi:schemaLocation="http://www.springframework.org/schema/beans http://www.springframework.org/schema/beans/spring-beans-current.xsd
http://www.mulesoft.org/schema/mule/core http://www.mulesoft.org/schema/mule/core/current/mule.xsd
http://www.mulesoft.org/schema/mule/http http://www.mulesoft.org/schema/mule/http/current/mule-http.xsd
http://www.mulesoft.org/schema/mule/ee/tracking http://www.mulesoft.org/schema/mule/ee/tracking/current/mule-tracking-ee.xsd
http://www.mulesoft.org/schema/mule/db http://www.mulesoft.org/schema/mule/db/current/mule-db.xsd
http://www.mulesoft.org/schema/mule/ee/dw http://www.mulesoft.org/schema/mule/ee/dw/current/dw.xsd
http://www.mulesoft.org/schema/mule/validation http://www.mulesoft.org/schema/mule/validation/current/mule-validation.xsd">
    <db:mysql-config name="MySQL_Configuration" host="${db.host}" port="${db.port}" user="${db.user}" database="${db.database}" doc:name="MySQL Configuration" password="${db.password}"/>
    <flow name="getAllLoanAccount">
        <db:select config-ref="MySQL_Configuration" doc:name="Database">
            <db:parameterized-query><![CDATA[SELECT * from loanaccount la , account acc, accountdescriptor asd where la.AccountrefId = acc.AccountMasterId and acc.AccDescriptorId = asd.AccountDescriptorId and la.PaymentFrequency = #[message.inboundProperties.'http.query.params'.paymentFrequency]]]></db:parameterized-query>
        </db:select>
        <validation:all   doc:name="Validation" >
            <validation:validations>
                <validation:is-email email="#[payload]" message="Invalid Email Address"/>
                <validation:is-not-empty value="#[payload]" message="Payload is Empty"/>
                <validation:is-url url="#[payload]" message="Invalid Url"/>
            </validation:validations>
        </validation:all>
        <dw:transform-message doc:name="Transform Message">
            <dw:input-payload doc:sample="sample_data\list_map.dwl"/>
            <dw:set-payload><![CDATA[%dw 1.0
%output application/json
---
payload map ((payload01 , indexOfPayload01) -> {
	accountNumber: payload01.AccountNumber,
	accountType: payload01.AccountType,
	accountrefId: payload01.AccountrefId as :string,
	balanceAsOf: payload01.BalanceAsOf as :string,
	currency: payload01.Currency,
	customerId: payload01.CustomerId,
	description: payload01.Description as :string,
	displayName: payload01.DisplayName,
	interestRate: payload01.InterestRate,
	interestRateType: payload01.InterestRateType as :string,
	lastPaymentAmount: payload01.LastPaymentAmount,
	lastPaymentDate: payload01.LastPaymentDate as :string,
	lineOfBusiness: payload01.LineOfBusiness,
	nextPaymentAmount: payload01.NextPaymentAmount,
	nextPaymentDate: payload01.NextPaymentDate as :string,
	nickname: payload01.Nickname
})]]></dw:set-payload>
        </dw:transform-message>
        <logger message="#[payload]" level="INFO" doc:name="Logger"/>

    </flow>
</mule>
