<?xml version="1.0" encoding="UTF-8"?>
<mule xmlns:context="http://www.springframework.org/schema/context" xmlns:doc="http://www.mulesoft.org/schema/mule/documentation" xmlns="http://www.mulesoft.org/schema/mule/core" xmlns:apikit="http://www.mulesoft.org/schema/mule/apikit" xmlns:http="http://www.mulesoft.org/schema/mule/http" xmlns:spring="http://www.springframework.org/schema/beans" xmlns:xsi="http://www.w3.org/2001/XMLSchema-instance" xsi:schemaLocation="http://www.mulesoft.org/schema/mule/core http://www.mulesoft.org/schema/mule/core/current/mule.xsd
http://www.mulesoft.org/schema/mule/http http://www.mulesoft.org/schema/mule/http/current/mule-http.xsd
http://www.mulesoft.org/schema/mule/apikit http://www.mulesoft.org/schema/mule/apikit/current/mule-apikit.xsd
http://www.springframework.org/schema/beans http://www.springframework.org/schema/beans/spring-beans-3.1.xsd
http://www.springframework.org/schema/context http://www.springframework.org/schema/context/spring-context-current.xsd">
    <http:listener-config name="loanaccount-httpListenerConfig" host="0.0.0.0" port="8081" doc:name="HTTP Listener Configuration" basePath="/api/*"/>
    <apikit:config name="loanaccount-config" raml="loanaccount.raml" consoleEnabled="false" doc:name="Router" keepRamlBaseUri="false"/>
    <context:property-placeholder location="loanaccount-${env}.properties"/>
    <flow name="loanaccount-main">
        <http:listener config-ref="loanaccount-httpListenerConfig" path="/api/*" doc:name="HTTP" allowedMethods="GET"/>
        <apikit:router config-ref="loanaccount-config" doc:name="APIkit Router"/>

    </flow>
    <flow name="loanaccount-console">
        <http:listener config-ref="loanaccount-httpListenerConfig" path="/console/*" doc:name="HTTP" />
        <apikit:console config-ref="loanaccount-config" doc:name="APIkit Console"/>

    </flow>
    <flow name="get:/accounts:loanaccount-config">
        <flow-ref name="getAllLoanAccount" doc:name="getAllLoanAccount"/>

    </flow>

</mule>
