<?xml version="1.0" encoding="UTF-8"?>

<mule xmlns:file="http://www.mulesoft.org/schema/mule/file" xmlns:ws="http://www.mulesoft.org/schema/mule/ws" xmlns:metadata="http://www.mulesoft.org/schema/mule/metadata" xmlns:amqp="http://www.mulesoft.org/schema/mule/amqp" xmlns:json="http://www.mulesoft.org/schema/mule/json" xmlns:validation="http://www.mulesoft.org/schema/mule/validation" xmlns:dw="http://www.mulesoft.org/schema/mule/ee/dw" xmlns:db="http://www.mulesoft.org/schema/mule/db" xmlns:tracking="http://www.mulesoft.org/schema/mule/ee/tracking" xmlns:http="http://www.mulesoft.org/schema/mule/http" xmlns="http://www.mulesoft.org/schema/mule/core" xmlns:doc="http://www.mulesoft.org/schema/mule/documentation"
	xmlns:spring="http://www.springframework.org/schema/beans" 
	xmlns:xsi="http://www.w3.org/2001/XMLSchema-instance"
	xsi:schemaLocation="http://www.springframework.org/schema/beans http://www.springframework.org/schema/beans/spring-beans-current.xsd
http://www.mulesoft.org/schema/mule/core http://www.mulesoft.org/schema/mule/core/current/mule.xsd
http://www.mulesoft.org/schema/mule/http http://www.mulesoft.org/schema/mule/http/current/mule-http.xsd
http://www.mulesoft.org/schema/mule/ee/tracking http://www.mulesoft.org/schema/mule/ee/tracking/current/mule-tracking-ee.xsd
http://www.mulesoft.org/schema/mule/db http://www.mulesoft.org/schema/mule/db/current/mule-db.xsd
http://www.mulesoft.org/schema/mule/ee/dw http://www.mulesoft.org/schema/mule/ee/dw/current/dw.xsd
http://www.mulesoft.org/schema/mule/validation http://www.mulesoft.org/schema/mule/validation/current/mule-validation.xsd
http://www.mulesoft.org/schema/mule/amqp http://www.mulesoft.org/schema/mule/amqp/current/mule-amqp.xsd
http://www.mulesoft.org/schema/mule/json http://www.mulesoft.org/schema/mule/json/current/mule-json.xsd
http://www.mulesoft.org/schema/mule/ws http://www.mulesoft.org/schema/mule/ws/current/mule-ws.xsd
http://www.mulesoft.org/schema/mule/file http://www.mulesoft.org/schema/mule/file/current/mule-file.xsd">
    <db:mysql-config name="MySQL_Configuration" host="${db.host}" port="${db.port}" user="${db.user}" database="${db.database}" doc:name="MySQL Configuration" password="${db.password}"/>
    <flow name="getAllLoanAccount">
        <db:select config-ref="MySQL_Configuration" doc:name="Database">
            <db:parameterized-query><![CDATA[SELECT * from loanaccount la , account acc, accountdescriptor asd where  la.AccountrefId = acc.AccountMasterId and acc.AccDescriptorId = asd.AccountDescriptorId and la.PaymentFrequency  = #[message.inboundProperties.'http.query.params'.paymentFrequency]]]></db:parameterized-query>
        </db:select>
        <logger message="message : #[payload.size()]" level="INFO" doc:name="Logger"/>
        <choice doc:name="Choice">
            <when expression="#[payload.size()&lt;=0]">
                <set-payload value="There is no data " doc:name="Set Payload"/>
                <set-property propertyName="http.status" value="204" doc:name="Property"/>
                <logger message="#[payload]" level="INFO" doc:name="Logger"/>
            </when>
            <otherwise>
                <dw:transform-message doc:name="Transform Message" metadata:id="2576a8e1-f166-4662-b84a-d918abb372b7">
                    <dw:input-payload doc:sample="sample_data\list_map.dwl"/>
                    <dw:input-outbound-property doc:sample="customerid.json" propertyName="customerid"/>
                    <dw:input-outbound-property doc:sample="customerid.json" mimeType="application/json" propertyName="customerId"/>
                    <dw:set-payload><![CDATA[%dw 1.0
%output application/java
---
payload map ((payload01 , indexOfPayload01) -> {
	accountNumber: payload01.AccountNumber,
	accountType: payload01.AccountType,
	accountrefId: payload01.AccountrefId as :string,
	balanceAsOf: payload01.BalanceAsOf as :string,
	currency: payload01.Currency,
	customerId: payload01.CustomerId,
	description: payload01.Description as :string,
	displayName: payload01.DisplayName,
	interestRate: payload01.InterestRate,
	interestRateType: payload01.InterestRateType as :string,
	lastPaymentAmount: payload01.LastPaymentAmount,
	lastPaymentDate: payload01.LastPaymentDate as :string,
	lineOfBusiness: payload01.LineOfBusiness,
	nextPaymentAmount: payload01.NextPaymentAmount,
	nextPaymentDate: payload01.NextPaymentDate as :string,
	nickname: payload01.Nickname
})]]></dw:set-payload>
                    <dw:set-property propertyName="customerid"><![CDATA[%dw 1.0
%output application/json
---
payload map ((payload01 , indexOfPayload01) -> {
	customerId: payload01.CustomerId
}) 
 
]]></dw:set-property>

                </dw:transform-message>
                <logger message="customerid : #[payload[0].customerId]" level="INFO" doc:name="Logger"/>
                <scatter-gather doc:name="Scatter-Gather">
                    <custom-aggregation-strategy class="com.example.demo.exception.CustomAgg"/>
                    <processor-chain>
                        <object-to-string-transformer doc:name="Object to String"/>
                        <dw:transform-message doc:name="forrabbitqm">
                            <dw:set-payload><![CDATA[%dw 1.0
%output application/java
%namespace ns0 http://ws.example.poc.com/
---
payload as :string]]></dw:set-payload>
                        </dw:transform-message>
                        <flow-ref name="sendToRabbitqm" doc:name="sendToRabbitqm"/>

                    </processor-chain>
                    <processor-chain>
                        <dw:transform-message doc:name="forpost">
                            <dw:input-payload doc:sample="sample_data\string.dwl"/>
                            <dw:set-payload><![CDATA[%dw 1.0
%output application/json
---
payload ]]></dw:set-payload>
                        </dw:transform-message>
                        <flow-ref name="sendToPostman" doc:name="sendToPostman"/>
                    </processor-chain>
                    <flow-ref name="sendToSoap" doc:name="sendToSoap"/>

                </scatter-gather>

            </otherwise>
        </choice>
        <byte-array-to-object-transformer doc:name="Byte Array to Object"/>
        <json:object-to-json-transformer doc:name="Object to JSON"/>

        <logger message="#[]" level="INFO" doc:name="Logger"/>


    </flow>
    <flow name="sendToSoap">
        <async doc:name="Async">
            <dw:transform-message doc:name="Transform Message" metadata:id="b50cbefb-b8aa-4bb1-9b78-e18c09255cc4">
                <dw:input-payload doc:sample="customerid.json"/>
                <dw:input-outbound-property doc:sample="customerid.json" propertyName="customerid"/>
                <dw:input-outbound-property doc:sample="customerid.json" propertyName="customerId"/>
                <dw:set-payload><![CDATA[%dw 1.0
%output application/java
---

payload.customerId map ((customerId , indexOfCustomerId) -> {
	customerId: customerId.customerId
}) ]]></dw:set-payload>
            </dw:transform-message>
            <foreach doc:name="For Each">
                <dw:transform-message doc:name="Transform Message" metadata:id="92417ccb-c46c-49be-9332-b63233c4c954">
                    <dw:input-payload doc:sample="sample_data\json_1.json"/>
                    <dw:input-outbound-property doc:sample="customerid.json" propertyName="customerId"/>
                    <dw:set-payload><![CDATA[%dw 1.0
%output application/xml
%namespace ns0 http://bank-web-service
---
{
	ns0#getBankDetailsRequest: {
		ns0#customerId: payload.customerId
	}
}]]></dw:set-payload>
                    <!--   <dw:input-payload doc:sample="sample_data\json.json"/> -->
                    <!--     <dw:input-variable mimeType="application/xml" variableName="customerRow"/> 
                                            <dw:input-variable doc:sample="sample_data\getBankDetailsRequest_1.xml" mimeType="application/xml" variableName="customerId"/>
                                            <dw:input-outbound-property doc:sample="customerid.json" propertyName="customerid"/> -->
                </dw:transform-message>
                <ws:consumer config-ref="Web_Service_Consumer1" operation="getBankDetails" doc:name="Web Service Consumer"/>
                <dw:transform-message doc:name="Transform Message" metadata:id="7de432a4-19a4-424a-bcc0-780fb12b487a">
                    <dw:input-payload doc:sample="sample_data\getBankDetailsResponse_1.xml"/>
                    <dw:input-variable mimeType="application/xml" variableName="customerId"/>
                    <dw:set-payload><![CDATA[%dw 1.0
%output application/json
%namespace ns0 http://bank-web-service
---
[{
	bank: {
		bankName: payload.ns0#getBankDetailsResponse.ns0#bank.ns0#bankName,
		branch: {
			branchName: payload.ns0#getBankDetailsResponse.ns0#bank.ns0#branch.ns0#branchName,
			ifsc: payload.ns0#getBankDetailsResponse.ns0#bank.ns0#branch.ns0#ifsc,
			address: payload.ns0#getBankDetailsResponse.ns0#bank.ns0#branch.ns0#address,
			city: payload.ns0#getBankDetailsResponse.ns0#bank.ns0#branch.ns0#city,
			state: payload.ns0#getBankDetailsResponse.ns0#bank.ns0#branch.ns0#state,
			country: payload.ns0#getBankDetailsResponse.ns0#bank.ns0#branch.ns0#country,
			zip: payload.ns0#getBankDetailsResponse.ns0#bank.ns0#branch.ns0#zip,
			telephone: payload.ns0#getBankDetailsResponse.ns0#bank.ns0#branch.ns0#telephone,
			email: payload.ns0#getBankDetailsResponse.ns0#bank.ns0#branch.ns0#email
		}
	}
}]]]></dw:set-payload>
                </dw:transform-message>
                <logger message="soap data : #[payload]" level="INFO" doc:name="Logger"/>
                <file:outbound-endpoint path="D:\Users\kkhatavk\Desktop\Mulesoft traning" outputPattern="outputsoapfile.txt" responseTimeout="10000" doc:name="File"/>
            </foreach>
        </async>
        <set-payload value="#[NullPayload]" doc:name="Set Payload"/>
    </flow>
    <flow name="sendToRabbitqm">
        <amqp:outbound-endpoint queueName="Mule-Kunal-loanaccount" exchangeType="direct" responseTimeout="10000" exchange-pattern="request-response" doc:name="AMQP-0-9"/>
        <logger message="after rabbitqm : #[payload]" level="INFO" doc:name="Logger"/>
    </flow>
    <flow name="sendToPostman">
        <logger message="#[payload]" level="INFO" doc:name="Logger"/>

    </flow>
</mule>
