<?xml version="1.0" encoding="UTF-8"?>

<mule xmlns:http="http://www.mulesoft.org/schema/mule/http" xmlns:jms="http://www.mulesoft.org/schema/mule/jms" xmlns:tracking="http://www.mulesoft.org/schema/mule/ee/tracking" xmlns="http://www.mulesoft.org/schema/mule/core" xmlns:doc="http://www.mulesoft.org/schema/mule/documentation"
	xmlns:spring="http://www.springframework.org/schema/beans" 
	xmlns:xsi="http://www.w3.org/2001/XMLSchema-instance"
	xsi:schemaLocation="http://www.springframework.org/schema/beans http://www.springframework.org/schema/beans/spring-beans-current.xsd
http://www.mulesoft.org/schema/mule/core http://www.mulesoft.org/schema/mule/core/current/mule.xsd
http://www.mulesoft.org/schema/mule/jms http://www.mulesoft.org/schema/mule/jms/current/mule-jms.xsd
http://www.mulesoft.org/schema/mule/ee/tracking http://www.mulesoft.org/schema/mule/ee/tracking/current/mule-tracking-ee.xsd
http://www.mulesoft.org/schema/mule/http http://www.mulesoft.org/schema/mule/http/current/mule-http.xsd">
    <flow name="getTopicMessagesFlow">
        <jms:inbound-endpoint topic="apessentials" connector-ref="Active_MQ" doc:name="JMS"/>
        <logger message="#[message.inboundProperties.name + &quot;: &quot; + payload]" level="INFO" doc:name="Logger"/>
    </flow>
    <flow name="postTopicMessageFlow">
        <http:listener config-ref="HTTP_Listener_Configuration" path="/jms" allowedMethods="GET" doc:name="HTTP"/>
        <set-payload value="#[message.inboundProperties.'http.query.params'.message]" doc:name="Set JMS message"/>
        <set-property propertyName="name" value="kunalkhatavkar" doc:name="Set JMS message name"/>
        <jms:outbound-endpoint topic="apessentials" doc:name="JMS"/>
    </flow>
</mule>
