{
    "inputMessageMetadata": {
        "outboundProperties": {
            "customerid": {},
            "customerId": {
                "connectorName": "#_custom_mule_metadata_type_#",
                "typeId": "customerid_json"
            }
        }
    },
    "outputMessageMetadata": {
        "outboundProperties": {
            "customerid": {
                "connectorName": "#_custom_mule_metadata_type_#",
                "typeId": "customerid_json"
            }
        }
    },
    "id": "2576a8e1-f166-4662-b84a-d918abb372b7",
    "version": "5.2.0.0"
}