{
    "inputMessageMetadata": {
        "flowVariables": {
            "customerId": {
                "connectorName": "Web_Service_Consumer1",
                "typeId": "getBankDetailsRequest"
            },
            "customerRow": {
                "connectorName": "Web_Service_Consumer",
                "typeId": "getBankDetailsRequest"
            }
        },
        "outboundProperties": {
            "customerid": {}
        }
    },
    "outputMessageMetadata": {},
    "id": "92417ccb-c46c-49be-9332-b63233c4c954",
    "version": "5.2.0.0"
}