<?xml version="1.0" encoding="UTF-8"?>

<mule xmlns:dw="http://www.mulesoft.org/schema/mule/ee/dw" xmlns:json="http://www.mulesoft.org/schema/mule/json" xmlns:metadata="http://www.mulesoft.org/schema/mule/metadata" xmlns:amqp="http://www.mulesoft.org/schema/mule/amqp" xmlns:ws="http://www.mulesoft.org/schema/mule/ws" xmlns:cluster="http://www.mulesoft.org/schema/mule/ee/cluster" xmlns:db="http://www.mulesoft.org/schema/mule/db" xmlns:http="http://www.mulesoft.org/schema/mule/http" xmlns:context="http://www.springframework.org/schema/context" xmlns="http://www.mulesoft.org/schema/mule/core" xmlns:doc="http://www.mulesoft.org/schema/mule/documentation"
	xmlns:spring="http://www.springframework.org/schema/beans" 
	xmlns:xsi="http://www.w3.org/2001/XMLSchema-instance"
	xsi:schemaLocation="http://www.springframework.org/schema/beans http://www.springframework.org/schema/beans/spring-beans-current.xsd
http://www.mulesoft.org/schema/mule/core http://www.mulesoft.org/schema/mule/core/current/mule.xsd
http://www.springframework.org/schema/context http://www.springframework.org/schema/context/spring-context-current.xsd
http://www.mulesoft.org/schema/mule/http http://www.mulesoft.org/schema/mule/http/current/mule-http.xsd
http://www.mulesoft.org/schema/mule/db http://www.mulesoft.org/schema/mule/db/current/mule-db.xsd
http://www.mulesoft.org/schema/mule/ws http://www.mulesoft.org/schema/mule/ws/current/mule-ws.xsd
http://www.mulesoft.org/schema/mule/amqp http://www.mulesoft.org/schema/mule/amqp/current/mule-amqp.xsd
http://www.mulesoft.org/schema/mule/ee/dw http://www.mulesoft.org/schema/mule/ee/dw/current/dw.xsd
http://www.mulesoft.org/schema/mule/json http://www.mulesoft.org/schema/mule/json/current/mule-json.xsd">
    
    <http:listener-config name="AccountEndPoint-httpListenerConfig" host="0.0.0.0" port="${http.port}" doc:name="HTTP Listener Configuration" />
    <context:property-placeholder location="accounts-${env}.properties"/>
    <db:mysql-config name="MySQL_Configuration1" host="${db.host}" port="${db.port}" user="${db.user}" password="${db.password}" database="${db.database}" doc:name="MySQL Configuration"/>
    <configuration defaultExceptionStrategy-ref="Choice_Exception_Strategy" doc:name="Configuration">
        <http:config useTransportForUris="false"/>
    </configuration>
    <ws:consumer-config name="Soap_Web_Service_Consumer" wsdlLocation="http://34.236.109.151:8000/ws/bankdetails.wsdl" service="BankDetailPortService" port="BankDetailPortSoap11" serviceAddress="http://34.236.109.151:8000/ws" doc:name="Web Service Consumer"/>
    <amqp:connector name="AMQP_0_9_Connector" validateConnections="true" host="woodpecker.rmq.cloudamqp.com" virtualHost="ljvugohj" username="ljvugohj" password="gPlRGEurgDw5SpFJlIzPfOt809WhsX4r" doc:name="AMQP-0-9 Connector"/>
     <choice-exception-strategy name="Choice_Exception_Strategy">
            <catch-exception-strategy doc:name="badRequestStrategy" when="#[exception.causedBy(java.lang.IllegalArgumentException)]">
            <set-property propertyName="http.status" value="400" mimeType="application/json" doc:name="Property"/>
            <set-payload value="{
   &quot;code&quot;:  #[message.outboundProperties['http.status']],
  &quot;message&quot; : &quot;#[exception.message]!&quot;
}

" mimeType="application/json" doc:name="Set Payload"/>
            <logger level="INFO" doc:name="Logger"/>
            </catch-exception-strategy>
            <catch-exception-strategy when="#[exception.causedBy(java.util.NoSuchElementException)]" doc:name="notFoundStrategy">
                <set-property propertyName="http.status" value="404" doc:name="Property" mimeType="application/json"/>
            <set-payload value="{
   &quot;code&quot;:  #[message.outboundProperties['http.status']],
  &quot;message&quot; : &quot;#[exception.message]!&quot;
}" doc:name="Set Payload"/>
            <logger level="INFO" doc:name="Logger"/>
            </catch-exception-strategy>
            <catch-exception-strategy  doc:name="defaultStrategy">
                <set-property propertyName="http.status" value="500" doc:name="Property"/>
            <set-payload value="{
   &quot;code&quot;:  #[message.outboundProperties['http.status']],
  &quot;message&quot; : &quot;Something went wrong ! &quot;
}" doc:name="Set Payload"/>
            <logger level="INFO" doc:name="Logger"/>
            </catch-exception-strategy>
        </choice-exception-strategy>
</mule>
