<?xml version="1.0" encoding="UTF-8"?>

<mule xmlns:amqp="http://www.mulesoft.org/schema/mule/amqp" xmlns:ws="http://www.mulesoft.org/schema/mule/ws" xmlns:cluster="http://www.mulesoft.org/schema/mule/ee/cluster" xmlns:http="http://www.mulesoft.org/schema/mule/http" xmlns:apikit="http://www.mulesoft.org/schema/mule/apikit" xmlns="http://www.mulesoft.org/schema/mule/core" xmlns:doc="http://www.mulesoft.org/schema/mule/documentation"
	xmlns:spring="http://www.springframework.org/schema/beans" 
	xmlns:xsi="http://www.w3.org/2001/XMLSchema-instance"
	xsi:schemaLocation="http://www.springframework.org/schema/beans http://www.springframework.org/schema/beans/spring-beans-current.xsd
http://www.mulesoft.org/schema/mule/core http://www.mulesoft.org/schema/mule/core/current/mule.xsd
http://www.mulesoft.org/schema/mule/apikit http://www.mulesoft.org/schema/mule/apikit/current/mule-apikit.xsd
http://www.mulesoft.org/schema/mule/http http://www.mulesoft.org/schema/mule/http/current/mule-http.xsd
http://www.mulesoft.org/schema/mule/amqp http://www.mulesoft.org/schema/mule/amqp/current/mule-amqp.xsd
http://www.mulesoft.org/schema/mule/ws http://www.mulesoft.org/schema/mule/ws/current/mule-ws.xsd">
    <configuration defaultExceptionStrategy-ref="Choice_Exception_Strategy" doc:name="Configuration">
        <http:config useTransportForUris="false"/>
    </configuration>
    <amqp:connector name="AMQP_0_9_Connector" validateConnections="true" host="chimpanzee.rmq.cloudamqp.com" virtualHost="qpdgfpcc" username="qpdgfpcc" password="tcOPE_jMA41lzyWDs5qoQ8sTrmHFZ0YZ" doc:name="AMQP-0-9 Connector"/>
    <ws:consumer-config name="Web_Service_Consumer1" wsdlLocation="bankdetails.wsdl" service="BankDetailPortService" port="BankDetailPortSoap11" serviceAddress="http://http://34.236.109.151:8000/ws" doc:name="Web Service Consumer"/>
    <choice-exception-strategy name="Choice_Exception_Strategy">
            <catch-exception-strategy when="#[exception.causedBy(org.mule.module.apikit.exception.NotFoundException) ]" doc:name="Resource Not Found">
            <set-payload value=" { code : 404, message :  Resource not found k }" doc:name="Set Payload"/>
            <set-property propertyName="http.status" value="404" doc:name="Property"/>
            <logger message="#[payload]" level="INFO" doc:name="Logger"/>
        </catch-exception-strategy>
          <catch-exception-strategy  doc:name="Method not allowed" when="#[exception.causedBy(org.mule.module.apikit.exception.MethodNotAllowedException)]">
            <set-payload value="
 { code : 405, message :  Method not allowed k }" doc:name="Set Payload"/>
            <set-property propertyName="http.status" value="405" doc:name="Property"/>
            <logger level="INFO" doc:name="Logger"/>
        </catch-exception-strategy>
         <catch-exception-strategy  doc:name="Unsupported media type" when="#[exception.causedBy(org.mule.module.apikit.exception.UnsupportedMediaTypeException)]">
            <set-payload value=" { code : 415, message :  Unsupported media type k }" doc:name="Set Payload"/>
            <set-property propertyName="http.status" value="415" doc:name="Property"/>
            <logger level="INFO" doc:name="Logger"/>
        </catch-exception-strategy>
          <catch-exception-strategy  doc:name="Not acceptable" when="#[exception.causedBy(org.mule.module.apikit.exception.NotAcceptableException)]">
            <set-payload value="
 { code : 406, message :  Not acceptable k }" doc:name="Set Payload"/>
            <set-property propertyName="http.status" value="406" doc:name="Property"/>
            <logger level="INFO" doc:name="Logger"/>
        </catch-exception-strategy>
         <catch-exception-strategy  doc:name="Bad request" when="#[exception.causedBy(org.mule.module.apikit.exception.BadRequestException)]">
            <set-payload value="{
code : 400,
message : Bad request k
}" doc:name="Set Payload"/>
            <set-property propertyName="http.status" value="400" doc:name="Property"/>
            <logger level="INFO" doc:name="Logger"/>
        </catch-exception-strategy>
        <catch-exception-strategy  doc:name="SQL Exception" when="#[exception.causedBy(java.sql.SQLException)]">
            <set-payload value="Error in MYSQL Database k" doc:name="Set Payload"/>
            <set-property propertyName="http.status" value="500" doc:name="Property"/>
            <logger level="INFO" doc:name="Logger"/>
        </catch-exception-strategy>
        <catch-exception-strategy doc:name="Bad credentials Exception" when="#[exception.causedBy(org.springframework.security.authentication.BadCredentialsException)]">
            <set-payload value="{ code : 401, message :Username or Password incorrect, please try again! k }" doc:name="Set Payload"/>
            <set-property propertyName="http.status" value="401" doc:name="Property"/>
            <logger level="INFO" doc:name="Logger"/>
        </catch-exception-strategy>
        <catch-exception-strategy doc:name="Catch Exception Strategy"/>
        </choice-exception-strategy>
</mule>
