<?xml version="1.0" encoding="UTF-8"?>

<mule xmlns:ws="http://www.mulesoft.org/schema/mule/ws" xmlns:json="http://www.mulesoft.org/schema/mule/json" xmlns:amqp="http://www.mulesoft.org/schema/mule/amqp" xmlns:metadata="http://www.mulesoft.org/schema/mule/metadata" xmlns:apikit="http://www.mulesoft.org/schema/mule/apikit" xmlns:tracking="http://www.mulesoft.org/schema/mule/ee/tracking" xmlns:dw="http://www.mulesoft.org/schema/mule/ee/dw" xmlns:db="http://www.mulesoft.org/schema/mule/db" xmlns:validation="http://www.mulesoft.org/schema/mule/validation" xmlns:http="http://www.mulesoft.org/schema/mule/http" xmlns="http://www.mulesoft.org/schema/mule/core" xmlns:doc="http://www.mulesoft.org/schema/mule/documentation"
	xmlns:spring="http://www.springframework.org/schema/beans" 
	xmlns:xsi="http://www.w3.org/2001/XMLSchema-instance"
	xsi:schemaLocation="http://www.springframework.org/schema/beans http://www.springframework.org/schema/beans/spring-beans-current.xsd
http://www.mulesoft.org/schema/mule/core http://www.mulesoft.org/schema/mule/core/current/mule.xsd
http://www.mulesoft.org/schema/mule/http http://www.mulesoft.org/schema/mule/http/current/mule-http.xsd
http://www.mulesoft.org/schema/mule/db http://www.mulesoft.org/schema/mule/db/current/mule-db.xsd
http://www.mulesoft.org/schema/mule/ee/dw http://www.mulesoft.org/schema/mule/ee/dw/current/dw.xsd
http://www.mulesoft.org/schema/mule/validation http://www.mulesoft.org/schema/mule/validation/current/mule-validation.xsd
http://www.mulesoft.org/schema/mule/ee/tracking http://www.mulesoft.org/schema/mule/ee/tracking/current/mule-tracking-ee.xsd
http://www.mulesoft.org/schema/mule/apikit http://www.mulesoft.org/schema/mule/apikit/current/mule-apikit.xsd
http://www.mulesoft.org/schema/mule/amqp http://www.mulesoft.org/schema/mule/amqp/current/mule-amqp.xsd
http://www.mulesoft.org/schema/mule/json http://www.mulesoft.org/schema/mule/json/current/mule-json.xsd
http://www.mulesoft.org/schema/mule/ws http://www.mulesoft.org/schema/mule/ws/current/mule-ws.xsd">
    <ws:consumer-config name="Web_Service_Consumer" wsdlLocation="http://34.236.109.151:8000/ws/bankdetails.wsdl" service="BankDetailPortService" port="BankDetailPortSoap11" serviceAddress="http://34.236.109.151:8000/ws" doc:name="Web Service Consumer"/>
    <sub-flow name="subFlowOfGetStatementFlow">
        <scatter-gather doc:name="Scatter-Gather">
            <custom-aggregation-strategy class="Customeaggarator"/>
            <processor-chain>
                <dw:transform-message doc:name="Transform Message">
                    <dw:set-payload><![CDATA[%dw 1.0
%output application/json
---
payload]]></dw:set-payload>
                </dw:transform-message>
                <component class="Test" doc:name="Java"/>
            </processor-chain>
            <flow-ref name="cloudAMQP_Flow" doc:name="cloudAMQP_Flow"/>
            <dw:transform-message doc:name="Transform Message">
                <dw:set-payload><![CDATA[%dw 1.0
%output application/java
---
payload]]></dw:set-payload>
            </dw:transform-message>
            <flow-ref name="ConsumingSOAPServices" doc:name="SOAP ServicesFlow Reference"/>
        </scatter-gather>
    </sub-flow>
    <flow name="getStatementsFlow">
        <flow-ref name="InputValidation" doc:name="InputValidation"/>
        <db:select config-ref="MySQL_Configuration" doc:name="Database">
            <db:parameterized-query><![CDATA[select bank.name, customer.customerId, customername.Prefix, customername.First, customername.Last, 
deliveryaddress.Line1, deliveryaddress.Line2, deliveryaddress.City, deliveryaddress.State, deliveryaddress.Zip,
deliveryaddress.Country, account.AccountNumber, account.Currency, transaction.TransactionId, transaction.TransactionTimestamp,
transaction.Description, transaction.Amount, transaction.Status
from bank, branch, customer, customername, deliveryaddress, accountdescriptor, account, transaction where bank.BankId = Branch.BankId and
Branch.BranchId = Customer.BranchId and customer.CustomerId = customername.CustomerId and customer.CustomerId = deliveryaddress.CustomerId
and Customer.CustomerId = accountdescriptor.CustomerId and accountdescriptor.AccountDescriptorId = account.AccDescriptorId
and account.AccountMasterId = transaction.AccountMasterId and accountdescriptor.AccountId = #[json:accountId] and
transaction.TransactionTimestamp between #[json:startDate] and #[json:endDate]]]></db:parameterized-query>
        </db:select>
        <validation:is-not-empty message="AccountId doesn't exist in database, please enter the correct AccountId" exceptionClass="java.util.NoSuchElementException" value="#[payload]" doc:name="Validation"/>
        <set-session-variable variableName="customerId" value="#[message.payload.get(0).customerId]" doc:name="Session Variable"/>
        <flow-ref name="subFlowOfGetStatementFlow" doc:name="subFlowOfGetStatementFlow"/>

       <!--  <choice-exception-strategy doc:name="Choice Exception Strategy">
            <catch-exception-strategy when="#[exception.causedBy(java.lang.IllegalArgumentException)]" doc:name="Catch Exception Strategy">
                <set-payload value="#[exception.message]" doc:name="Set Payload"/>
                <set-property propertyName="http.status" value="400" doc:name="Property"/>
                <logger level="INFO" doc:name="Logger"/>
            </catch-exception-strategy>
            <catch-exception-strategy when="#[exception.causedBy(org.mule.extension.validation.api.MultipleValidationException)]" doc:name="Catch Exception Strategy">
                <set-payload value="#[exception.message]" doc:name="Set Payload"/>
                <set-property propertyName="http.status" value="400" doc:name="Property"/>
                <logger level="INFO" doc:name="Logger"/>
            </catch-exception-strategy>
            <catch-exception-strategy when="#[exception.causedBy(java.util.NoSuchElementException)]" doc:name="Catch Exception Strategy">
                <set-payload value="#[exception.message]" doc:name="Set Payload"/>
                <set-property propertyName="http.status" value="404" doc:name="Property"/>
                <logger level="INFO" doc:name="Logger"/>
            </catch-exception-strategy>
        </choice-exception-strategy> -->
    </flow>
    <sub-flow name="cloudAMQP_Flow">
        <object-to-string-transformer doc:name="Object to String"/>
        <amqp:outbound-endpoint queueName="Vijendra" responseTimeout="10000" exchange-pattern="request-response" doc:name="AMQP-0-9"/>
    </sub-flow>
    <flow name="ConsumingSOAPServices">
        <set-variable variableName="customerId" value="#[sessionVars.customerId]" doc:name="Variable"/>
        <dw:transform-message doc:name="Transform Message">
            <dw:set-payload><![CDATA[%dw 1.0
%output application/xml
%namespace ns0 http://bank-web-service
---
{
	ns0#getBankDetailsRequest: {
		ns0#customerId: flowVars.customerId
	}
}]]></dw:set-payload>
        </dw:transform-message>
        <ws:consumer config-ref="Web_Service_Consumer" operation="getBankDetails" doc:name="Web Service Consumer"/>
        <json:xml-to-json-transformer doc:name="XML to JSON"/>
        <logger level="INFO" doc:name="Logger"/>
    </flow>

    <sub-flow name="InputValidation">
        <validation:all doc:name="Validation">
            <validation:validations>
                <validation:is-not-empty value="#[json:endDate]" message="End date should not be empty...!!!!!" exceptionClass="java.lang.NullPointerException"/>

                <validation:is-not-empty value="#[json:startDate]" message="Start date should not be empty..!!" exceptionClass="java.lang.NullPointerException"/>
                <validation:is-not-empty value="#[json:accountId]" message="ACCOUNTID SHOULD NOT BE EMPTY" exceptionClass="java.lang.NullPointerException"/>
            </validation:validations>
        </validation:all>
        <validation:validate-size message="AccountId length should not be more then 128" exceptionClass="java.lang.IllegalArgumentException" value="#[json:accountId]" min="5" max="128" doc:name="Validation"/>
        <validation:all doc:name="Validation">
            <validation:validations>
                <validation:matches-regex value="#[json:accountId]" regex="\d+" message="Please pass the correct AccountId format" exceptionClass="java.lang.IllegalArgumentException"/>
                <validation:matches-regex value="#[json:endDate]" regex="^([0-9]{4})-(1[0-2]|0[1-9])-(3[01]|[12][0-9]|0[1-9]) (2[0-3]|[01]?[0-9]):([0-5]?[0-9]):([0-5]?[0-9])$" message="Please enter the end date in this format yyyy-mm-dd hh:mm:ss" exceptionClass="java.lang.IllegalArgumentException"/>
                <validation:matches-regex value="#[json:startDate]" regex="^([0-9]{4})-(1[0-2]|0[1-9])-(3[01]|[12][0-9]|0[1-9]) (2[0-3]|[01]?[0-9]):([0-5]?[0-9]):([0-5]?[0-9])$" message="Please enter the start date in this format yyyy-mm-dd hh:mm:ss" exceptionClass="java.lang.IllegalArgumentException"/>
            </validation:validations>
        </validation:all>
    </sub-flow>
</mule>
