<?xml version="1.0" encoding="UTF-8"?>

<mule xmlns:amqp="http://www.mulesoft.org/schema/mule/amqp" xmlns:db="http://www.mulesoft.org/schema/mule/db" xmlns:http="http://www.mulesoft.org/schema/mule/http" xmlns:context="http://www.springframework.org/schema/context" xmlns="http://www.mulesoft.org/schema/mule/core" xmlns:doc="http://www.mulesoft.org/schema/mule/documentation"
	xmlns:spring="http://www.springframework.org/schema/beans" 
	xmlns:xsi="http://www.w3.org/2001/XMLSchema-instance"
	xsi:schemaLocation="http://www.springframework.org/schema/beans http://www.springframework.org/schema/beans/spring-beans-current.xsd
http://www.mulesoft.org/schema/mule/core http://www.mulesoft.org/schema/mule/core/current/mule.xsd
http://www.springframework.org/schema/context http://www.springframework.org/schema/context/spring-context-current.xsd
http://www.mulesoft.org/schema/mule/db http://www.mulesoft.org/schema/mule/db/current/mule-db.xsd
http://www.mulesoft.org/schema/mule/http http://www.mulesoft.org/schema/mule/http/current/mule-http.xsd
http://www.mulesoft.org/schema/mule/amqp http://www.mulesoft.org/schema/mule/amqp/current/mule-amqp.xsd">
    <context:property-placeholder location="examples-${env}.properties"/>
    <db:mysql-config name="MySQL_Configuration" host="${db.host}" port="${db.port}" user="${db.user}" password="${db.password}" database="${db.database}" doc:name="MySQL Configuration"/>
    <amqp:connector name="AMQP_0_9_Connector" validateConnections="true" host="${spring.rabbitmq.host}" virtualHost="${spring.rabbitmq.virtual-host}" username="${spring.rabbitmq.username}" password="${spring.rabbitmq.password}" doc:name="AMQP-0-9 Connector" port="${spring.rabbitmq.port}"/>
     <choice-exception-strategy name="Choice_Exception_Strategy">
        <catch-exception-strategy when="exception.causedBy(org.mule.module.apikit.exception.NotFoundException)" doc:name="AccountIdNotFound">
            <set-payload value="{ &quot;message&quot;: &quot;#[exception.message]&quot;, &quot;code&quot;: &quot;404&quot; }" doc:name="Set Payload"/>
            <set-property propertyName="http.status" value="404" doc:name="Property"/>
            <logger level="INFO" doc:name="Logger"/>
        </catch-exception-strategy>
        <catch-exception-strategy when="#[exception.causedBy(org.mule.api.MessagingException)]" doc:name="InvalidAccountId">
            <set-payload value="{ &quot;message&quot;: &quot;#[exception.message]&quot;,  &quot;code&quot;: &quot;400&quot; }" doc:name="Set Payload"/>
            <set-property propertyName="http.status" value="400" doc:name="Property"/>
            <logger level="INFO" doc:name="Logger"/>
        </catch-exception-strategy>
        <catch-exception-strategy doc:name="Data unavailable &#8211; all other exceptions.">
            <set-payload value="{ &quot;message&quot;: &quot;DATA IS UNAVAILABLE. TRY LATER.+#[exception.message]&quot; , &quot;code&quot;: &quot;500&quot; }" doc:name="Set Payload"/>
            <set-property propertyName="http.status" value="500" doc:name="Property"/>
            <logger level="INFO" doc:name="Logger"/>
        </catch-exception-strategy>
        </choice-exception-strategy>
</mule>
