<?xml version="1.0" encoding="UTF-8"?>

<mule xmlns:ws="http://www.mulesoft.org/schema/mule/ws" xmlns:amqp="http://www.mulesoft.org/schema/mule/amqp" xmlns:validation="http://www.mulesoft.org/schema/mule/validation" xmlns:dw="http://www.mulesoft.org/schema/mule/ee/dw" xmlns:db="http://www.mulesoft.org/schema/mule/db" xmlns:metadata="http://www.mulesoft.org/schema/mule/metadata" xmlns:json="http://www.mulesoft.org/schema/mule/json" xmlns:http="http://www.mulesoft.org/schema/mule/http" xmlns:tracking="http://www.mulesoft.org/schema/mule/ee/tracking" xmlns="http://www.mulesoft.org/schema/mule/core" xmlns:doc="http://www.mulesoft.org/schema/mule/documentation"
	xmlns:spring="http://www.springframework.org/schema/beans" 
	xmlns:xsi="http://www.w3.org/2001/XMLSchema-instance"
	xsi:schemaLocation="http://www.springframework.org/schema/beans http://www.springframework.org/schema/beans/spring-beans-current.xsd
http://www.mulesoft.org/schema/mule/core http://www.mulesoft.org/schema/mule/core/current/mule.xsd
http://www.mulesoft.org/schema/mule/http http://www.mulesoft.org/schema/mule/http/current/mule-http.xsd
http://www.mulesoft.org/schema/mule/ee/tracking http://www.mulesoft.org/schema/mule/ee/tracking/current/mule-tracking-ee.xsd
http://www.mulesoft.org/schema/mule/db http://www.mulesoft.org/schema/mule/db/current/mule-db.xsd
http://www.mulesoft.org/schema/mule/json http://www.mulesoft.org/schema/mule/json/current/mule-json.xsd
http://www.mulesoft.org/schema/mule/ee/dw http://www.mulesoft.org/schema/mule/ee/dw/current/dw.xsd
http://www.mulesoft.org/schema/mule/validation http://www.mulesoft.org/schema/mule/validation/current/mule-validation.xsd
http://www.mulesoft.org/schema/mule/amqp http://www.mulesoft.org/schema/mule/amqp/current/mule-amqp.xsd
http://www.mulesoft.org/schema/mule/ws http://www.mulesoft.org/schema/mule/ws/current/mule-ws.xsd">
    <ws:consumer-config name="Web_Service_Consumer" wsdlLocation="bankdetails.xml" service="BankDetailPortService" port="BankDetailPortSoap11" serviceAddress="http://34.236.109.151:8000/ws" doc:name="Web Service Consumer"/>
    <sub-flow name="AccountValidation">
        <validation:is-not-empty message="Account id not found" exceptionClass="org.mule.module.apikit.exception.NotFoundException" value="#[flowVars.array]" doc:name="Validation"/>
        <set-payload value="#[flowVars.array]" doc:name="Set Payload"/>
    </sub-flow>
    <sub-flow name="Accountdetails_forEach">
        <foreach collection="#[payload]" doc:name="AccountdetailsById">
            <db:select config-ref="MySQL_Configuration" doc:name="Database">
                <db:parameterized-query><![CDATA[select acd.AccountId, acd.AccountType, acd.CustomerId, acd.Description, acd.DisplayName, acd.Status, acc.AccountMasterId, acc.AccountNumber, acc.Currency, acc.InterestRate, acc.InterestRateType, acc.LineOfBusiness, acc.Nickname, acc.ParentAccountId, acc.TransferIn, acc.TransferOut
from accountdescriptor acd ,  account acc where acd.AccountDescriptorId = acc.AccDescriptorId and acd.AccountId=#[payload.accountId]]]></db:parameterized-query>
            </db:select>
            <expression-component doc:name="Expression"><![CDATA[if (payload.size()>0)
{
 array.add(payload);
}]]></expression-component>
        </foreach>
    </sub-flow>
    <sub-flow name="PushInQueue">
        <object-to-string-transformer doc:name="Object to String"/>
        <amqp:outbound-endpoint queueName="spring-boot-test_harsh" responseTimeout="10000" exchange-pattern="request-response" doc:name="AMQP-0-9"/>
        <logger message="message from pushin Queue " level="INFO" doc:name="Logger"/>
    </sub-flow>
    <sub-flow name="VariableFlow">
        <set-variable variableName="array" value="#[new java.util.ArrayList()]" doc:name="Variable"/>
    </sub-flow>

    <flow name="GetAccountDetails">
        <!--  <json:validate-schema schemaLocation="AccountSchema.json" doc:name="Validate JSON Schema">
        </json:validate-schema>
 
        <logger message="Payload is Validated #[message.payload]" level="INFO" doc:name="Logger"/> -->

        <dw:transform-message doc:name="Transform Message">
            <dw:input-payload doc:sample="D:\Users\hasharma\Desktop\tranining\Mulesoft\MUFundamentals3.9_studentFiles_07mar2018\examples\New folder\SingleAccountDetailsRequest.json"/>
            <dw:set-payload><![CDATA[%dw 1.0
%output application/java
---
payload]]></dw:set-payload>
        </dw:transform-message>
        <foreach doc:name="Validation_For Each">
            <validation:all doc:name="Validation">
                <validation:validations>
                    <validation:is-not-empty value="#[payload.accountId]" message="Account id cannot be null"/>
                    <validation:matches-regex value="#[payload.startTime]" regex="^([0-9]{4})-(1[0-2]|0[1-9])-(3[01]|[12][0-9]|0[1-9]) (2[0-3]|[01]?[0-9]):([0-5]?[0-9]):([0-5]?[0-9])$" message="Invalid start date"/>
                    <validation:matches-regex value="#[payload.accountId]" regex="[0-9]{10}" message="Invalid account id"/>
                </validation:validations>
            </validation:all>
        </foreach>
       
      <flow-ref name="VariableFlow" doc:name="VariableFlow"/>
 
        <flow-ref name="Accountdetails_forEach" doc:name="Accountdetails_forEach"/>
        <flow-ref name="AccountValidation" doc:name="AccountValidation"/>

        <dw:transform-message doc:name="Transform Message" metadata:id="c3c83c9a-7762-44b1-bdc6-b7573e8f6943">
            <dw:set-payload><![CDATA[%dw 1.0
%output application/java
---
{
	total:2,
	totalPages:1,
	page:1,
	accounts: flowVars.array
}
]]></dw:set-payload>
        </dw:transform-message>

        <scatter-gather doc:name="Scatter-Gather">
            <custom-aggregation-strategy class="loanpaymentdetails.CustomAgreegator"/>
            <flow-ref name="PushInQueue" doc:name="PushInQueue"/>
            <processor-chain>
                <json:object-to-json-transformer doc:name="Object to JSON"/>
                <logger level="INFO" doc:name="Logger"/>
            </processor-chain>
            <processor-chain>
                <set-session-variable variableName="customerID" value="#[payload.accounts[0][0].customerId]" doc:name="Session Variable"/>
                <flow-ref name="SoapConsumeSub_Flow" doc:name="SoapConsumeSub_Flow"/>
            </processor-chain>

        </scatter-gather>

        <logger level="INFO" doc:name="Logger"/>
      <exception-strategy ref="Choice_Exception_Strategy" doc:name="Reference Exception Strategy"/>
      </flow>
    <sub-flow name="SoapConsumeSub_Flow">
        <dw:transform-message doc:name="Transform Message">
            <dw:set-payload><![CDATA[%dw 1.0
%output application/xml
%namespace ns0 http://bank-web-service
---
{
	ns0#getBankDetailsRequest: {
		ns0#customerId: sessionVars.customerID
	}
}]]></dw:set-payload>
        </dw:transform-message>
        <ws:consumer config-ref="Web_Service_Consumer" operation="getBankDetails" doc:name="Web Service Consumer"/> 
        <dw:transform-message doc:name="Transform Message">
            <dw:set-payload><![CDATA[%dw 1.0
%output application/json
---
payload]]></dw:set-payload>
        </dw:transform-message>
        <logger level="INFO" doc:name="Logger"/>
    </sub-flow>
         
    
    

</mule>
