<metadata__catalog__entry>
  <version>5.2.0.0</version>
  <types class="tree-map">
    <entry>
      <org.mule.common.metadata.DefaultMetaDataKey>
        <id>getBankDetailsRequest</id>
        <displayName>getBankDetailsRequest</displayName>
        <category>DEFAULT</category>
        <metaDataKeyPropertiesManager>
          <properties>
            <org.mule.common.metadata.key.property.dsql.DsqlFromMetaDataKeyProperty/>
          </properties>
        </metaDataKeyPropertiesManager>
      </org.mule.common.metadata.DefaultMetaDataKey>
      <org.mule.common.metadata.DefaultXmlMetaDataModel>
        <dataType>XML</dataType>
        <metaDataModelPropertiesManager>
          <properties>
            <org.mule.common.metadata.property.TextBasedExampleMetaDataModelProperty/>
            <org.mule.common.metadata.property.xml.SchemaTypeMetaDataProperty/>
            <org.mule.common.metadata.property.StructureIdentifierMetaDataModelProperty>
              <metaDataKey class="org.mule.common.metadata.DefaultMetaDataKey" reference="../../../../../org.mule.common.metadata.DefaultMetaDataKey"/>
              <derivedStructure>false</derivedStructure>
              <generatedStructure>false</generatedStructure>
            </org.mule.common.metadata.property.StructureIdentifierMetaDataModelProperty>
          </properties>
        </metaDataModelPropertiesManager>
        <fields>
          <org.mule.common.metadata.DefaultMetaDataField>
            <name>ns0:customerId</name>
            <model class="org.mule.common.metadata.DefaultSimpleMetaDataModel">
              <dataType>STRING</dataType>
              <metaDataModelPropertiesManager>
                <properties>
                  <org.mule.common.metadata.property.xml.SchemaTypeMetaDataProperty>
                    <typeQName>
                      <namespaceURI>http://www.w3.org/2001/XMLSchema</namespaceURI>
                      <localPart>string</localPart>
                      <prefix></prefix>
                    </typeQName>
                  </org.mule.common.metadata.property.xml.SchemaTypeMetaDataProperty>
                </properties>
              </metaDataModelPropertiesManager>
            </model>
            <accessType>READ_WRITE</accessType>
            <metaDataFieldPropertyManager>
              <properties>
                <org.mule.common.metadata.property.QNameMetaDataProperty>
                  <name>
                    <namespaceURI>http://bank-web-service</namespaceURI>
                    <localPart>customerId</localPart>
                    <prefix>ns0</prefix>
                  </name>
                </org.mule.common.metadata.property.QNameMetaDataProperty>
              </properties>
            </metaDataFieldPropertyManager>
          </org.mule.common.metadata.DefaultMetaDataField>
        </fields>
        <rootElement>
          <namespaceURI>http://bank-web-service</namespaceURI>
          <localPart>getBankDetailsRequest</localPart>
          <prefix>ns0</prefix>
        </rootElement>
        <schemas class="org.mule.common.metadata.StringBasedSchemaProvider">
          <schemas>
            <string>&lt;?xml version=&quot;1.0&quot; encoding=&quot;UTF-8&quot;?&gt;&lt;xs:schema xmlns:xs=&quot;http://www.w3.org/2001/XMLSchema&quot; xmlns:sch=&quot;http://bank-web-service&quot; xmlns:soap=&quot;http://schemas.xmlsoap.org/wsdl/soap/&quot; xmlns:tns=&quot;http://bank-web-service&quot; xmlns:wsdl=&quot;http://schemas.xmlsoap.org/wsdl/&quot; elementFormDefault=&quot;qualified&quot; targetNamespace=&quot;http://bank-web-service&quot;&gt;&#xd;
&#xd;
	&lt;xs:element name=&quot;getBankDetailsRequest&quot;&gt;&#xd;
		&lt;xs:complexType&gt;&#xd;
			&lt;xs:sequence&gt;&#xd;
				&lt;xs:element name=&quot;customerId&quot; type=&quot;xs:string&quot;/&gt;&#xd;
			&lt;/xs:sequence&gt;&#xd;
		&lt;/xs:complexType&gt;&#xd;
	&lt;/xs:element&gt;&#xd;
&#xd;
	&lt;xs:element name=&quot;getBankDetailsResponse&quot;&gt;&#xd;
		&lt;xs:complexType&gt;&#xd;
			&lt;xs:sequence&gt;&#xd;
				&lt;xs:element name=&quot;bank&quot; type=&quot;tns:bank&quot;/&gt;&#xd;
			&lt;/xs:sequence&gt;&#xd;
		&lt;/xs:complexType&gt;&#xd;
	&lt;/xs:element&gt;&#xd;
&#xd;
	&lt;xs:complexType name=&quot;bank&quot;&gt;&#xd;
		&lt;xs:sequence&gt;&#xd;
			&lt;xs:element name=&quot;bankName&quot; type=&quot;xs:string&quot;/&gt;&#xd;
			&lt;xs:element name=&quot;branch&quot; type=&quot;tns:branch&quot;/&gt;&#xd;
		&lt;/xs:sequence&gt;&#xd;
	&lt;/xs:complexType&gt;&#xd;
&#xd;
	&lt;xs:complexType name=&quot;branch&quot;&gt;&#xd;
		&lt;xs:sequence&gt;&#xd;
			&lt;xs:element name=&quot;branchName&quot; type=&quot;xs:string&quot;/&gt;&#xd;
			&lt;xs:element name=&quot;ifsc&quot; type=&quot;xs:string&quot;/&gt;&#xd;
			&lt;xs:element name=&quot;address&quot; type=&quot;xs:string&quot;/&gt;&#xd;
			&lt;xs:element name=&quot;city&quot; type=&quot;xs:string&quot;/&gt;&#xd;
			&lt;xs:element name=&quot;state&quot; type=&quot;xs:string&quot;/&gt;&#xd;
			&lt;xs:element name=&quot;country&quot; type=&quot;xs:string&quot;/&gt;&#xd;
			&lt;xs:element name=&quot;zip&quot; type=&quot;xs:string&quot;/&gt;&#xd;
			&lt;xs:element name=&quot;telephone&quot; type=&quot;xs:string&quot;/&gt;&#xd;
			&lt;xs:element name=&quot;email&quot; type=&quot;xs:string&quot;/&gt;&#xd;
		&lt;/xs:sequence&gt;&#xd;
	&lt;/xs:complexType&gt;&#xd;
&lt;/xs:schema&gt;</string>
          </schemas>
          <encoding>windows-1252</encoding>
          <baseUri>file:/D:/FF-111/AnypointStudio/http:/34.236.109.151:8000/ws/bankdetails.wsdl</baseUri>
        </schemas>
        <namespaceManager>
          <namespacePrefix class="tree-map">
            <entry>
              <string>http://bank-web-service</string>
              <string>ns0</string>
            </entry>
          </namespacePrefix>
        </namespaceManager>
      </org.mule.common.metadata.DefaultXmlMetaDataModel>
    </entry>
    <entry>
      <org.mule.common.metadata.DefaultMetaDataKey>
        <id>getBankDetailsResponse</id>
        <displayName>getBankDetailsResponse</displayName>
        <category>DEFAULT</category>
        <metaDataKeyPropertiesManager>
          <properties>
            <org.mule.common.metadata.key.property.dsql.DsqlFromMetaDataKeyProperty/>
          </properties>
        </metaDataKeyPropertiesManager>
      </org.mule.common.metadata.DefaultMetaDataKey>
      <org.mule.common.metadata.DefaultXmlMetaDataModel>
        <dataType>XML</dataType>
        <metaDataModelPropertiesManager>
          <properties>
            <org.mule.common.metadata.property.TextBasedExampleMetaDataModelProperty/>
            <org.mule.common.metadata.property.xml.SchemaTypeMetaDataProperty/>
            <org.mule.common.metadata.property.StructureIdentifierMetaDataModelProperty>
              <metaDataKey class="org.mule.common.metadata.DefaultMetaDataKey" reference="../../../../../org.mule.common.metadata.DefaultMetaDataKey"/>
              <derivedStructure>false</derivedStructure>
              <generatedStructure>false</generatedStructure>
            </org.mule.common.metadata.property.StructureIdentifierMetaDataModelProperty>
          </properties>
        </metaDataModelPropertiesManager>
        <fields>
          <org.mule.common.metadata.DefaultMetaDataField>
            <name>ns0:bank</name>
            <model class="org.mule.common.metadata.DefaultXmlMetaDataModel">
              <dataType>XML</dataType>
              <metaDataModelPropertiesManager>
                <properties>
                  <org.mule.common.metadata.property.xml.SchemaTypeMetaDataProperty>
                    <typeQName>
                      <namespaceURI>http://bank-web-service</namespaceURI>
                      <localPart>bank</localPart>
                      <prefix></prefix>
                    </typeQName>
                  </org.mule.common.metadata.property.xml.SchemaTypeMetaDataProperty>
                </properties>
              </metaDataModelPropertiesManager>
              <fields>
                <org.mule.common.metadata.DefaultMetaDataField>
                  <name>ns0:bankName</name>
                  <model class="org.mule.common.metadata.DefaultSimpleMetaDataModel">
                    <dataType>STRING</dataType>
                    <metaDataModelPropertiesManager>
                      <properties>
                        <org.mule.common.metadata.property.xml.SchemaTypeMetaDataProperty>
                          <typeQName reference="../../../../../../../../../../../../entry/org.mule.common.metadata.DefaultXmlMetaDataModel/fields/org.mule.common.metadata.DefaultMetaDataField/model/metaDataModelPropertiesManager/properties/org.mule.common.metadata.property.xml.SchemaTypeMetaDataProperty/typeQName"/>
                        </org.mule.common.metadata.property.xml.SchemaTypeMetaDataProperty>
                      </properties>
                    </metaDataModelPropertiesManager>
                  </model>
                  <accessType>READ_WRITE</accessType>
                  <metaDataFieldPropertyManager>
                    <properties>
                      <org.mule.common.metadata.property.QNameMetaDataProperty>
                        <name>
                          <namespaceURI>http://bank-web-service</namespaceURI>
                          <localPart>bankName</localPart>
                          <prefix>ns0</prefix>
                        </name>
                      </org.mule.common.metadata.property.QNameMetaDataProperty>
                    </properties>
                  </metaDataFieldPropertyManager>
                </org.mule.common.metadata.DefaultMetaDataField>
                <org.mule.common.metadata.DefaultMetaDataField>
                  <name>ns0:branch</name>
                  <model class="org.mule.common.metadata.DefaultXmlMetaDataModel">
                    <dataType>XML</dataType>
                    <metaDataModelPropertiesManager>
                      <properties>
                        <org.mule.common.metadata.property.xml.SchemaTypeMetaDataProperty>
                          <typeQName>
                            <namespaceURI>http://bank-web-service</namespaceURI>
                            <localPart>branch</localPart>
                            <prefix></prefix>
                          </typeQName>
                        </org.mule.common.metadata.property.xml.SchemaTypeMetaDataProperty>
                      </properties>
                    </metaDataModelPropertiesManager>
                    <fields>
                      <org.mule.common.metadata.DefaultMetaDataField>
                        <name>ns0:branchName</name>
                        <model class="org.mule.common.metadata.DefaultSimpleMetaDataModel">
                          <dataType>STRING</dataType>
                          <metaDataModelPropertiesManager>
                            <properties>
                              <org.mule.common.metadata.property.xml.SchemaTypeMetaDataProperty>
                                <typeQName reference="../../../../../../../../../../../../../../../entry/org.mule.common.metadata.DefaultXmlMetaDataModel/fields/org.mule.common.metadata.DefaultMetaDataField/model/metaDataModelPropertiesManager/properties/org.mule.common.metadata.property.xml.SchemaTypeMetaDataProperty/typeQName"/>
                              </org.mule.common.metadata.property.xml.SchemaTypeMetaDataProperty>
                            </properties>
                          </metaDataModelPropertiesManager>
                        </model>
                        <accessType>READ_WRITE</accessType>
                        <metaDataFieldPropertyManager>
                          <properties>
                            <org.mule.common.metadata.property.QNameMetaDataProperty>
                              <name>
                                <namespaceURI>http://bank-web-service</namespaceURI>
                                <localPart>branchName</localPart>
                                <prefix>ns0</prefix>
                              </name>
                            </org.mule.common.metadata.property.QNameMetaDataProperty>
                          </properties>
                        </metaDataFieldPropertyManager>
                      </org.mule.common.metadata.DefaultMetaDataField>
                      <org.mule.common.metadata.DefaultMetaDataField>
                        <name>ns0:ifsc</name>
                        <model class="org.mule.common.metadata.DefaultSimpleMetaDataModel">
                          <dataType>STRING</dataType>
                          <metaDataModelPropertiesManager>
                            <properties>
                              <org.mule.common.metadata.property.xml.SchemaTypeMetaDataProperty>
                                <typeQName reference="../../../../../../../../../../../../../../../entry/org.mule.common.metadata.DefaultXmlMetaDataModel/fields/org.mule.common.metadata.DefaultMetaDataField/model/metaDataModelPropertiesManager/properties/org.mule.common.metadata.property.xml.SchemaTypeMetaDataProperty/typeQName"/>
                              </org.mule.common.metadata.property.xml.SchemaTypeMetaDataProperty>
                            </properties>
                          </metaDataModelPropertiesManager>
                        </model>
                        <accessType>READ_WRITE</accessType>
                        <metaDataFieldPropertyManager>
                          <properties>
                            <org.mule.common.metadata.property.QNameMetaDataProperty>
                              <name>
                                <namespaceURI>http://bank-web-service</namespaceURI>
                                <localPart>ifsc</localPart>
                                <prefix>ns0</prefix>
                              </name>
                            </org.mule.common.metadata.property.QNameMetaDataProperty>
                          </properties>
                        </metaDataFieldPropertyManager>
                      </org.mule.common.metadata.DefaultMetaDataField>
                      <org.mule.common.metadata.DefaultMetaDataField>
                        <name>ns0:address</name>
                        <model class="org.mule.common.metadata.DefaultSimpleMetaDataModel">
                          <dataType>STRING</dataType>
                          <metaDataModelPropertiesManager>
                            <properties>
                              <org.mule.common.metadata.property.xml.SchemaTypeMetaDataProperty>
                                <typeQName reference="../../../../../../../../../../../../../../../entry/org.mule.common.metadata.DefaultXmlMetaDataModel/fields/org.mule.common.metadata.DefaultMetaDataField/model/metaDataModelPropertiesManager/properties/org.mule.common.metadata.property.xml.SchemaTypeMetaDataProperty/typeQName"/>
                              </org.mule.common.metadata.property.xml.SchemaTypeMetaDataProperty>
                            </properties>
                          </metaDataModelPropertiesManager>
                        </model>
                        <accessType>READ_WRITE</accessType>
                        <metaDataFieldPropertyManager>
                          <properties>
                            <org.mule.common.metadata.property.QNameMetaDataProperty>
                              <name>
                                <namespaceURI>http://bank-web-service</namespaceURI>
                                <localPart>address</localPart>
                                <prefix>ns0</prefix>
                              </name>
                            </org.mule.common.metadata.property.QNameMetaDataProperty>
                          </properties>
                        </metaDataFieldPropertyManager>
                      </org.mule.common.metadata.DefaultMetaDataField>
                      <org.mule.common.metadata.DefaultMetaDataField>
                        <name>ns0:city</name>
                        <model class="org.mule.common.metadata.DefaultSimpleMetaDataModel">
                          <dataType>STRING</dataType>
                          <metaDataModelPropertiesManager>
                            <properties>
                              <org.mule.common.metadata.property.xml.SchemaTypeMetaDataProperty>
                                <typeQName reference="../../../../../../../../../../../../../../../entry/org.mule.common.metadata.DefaultXmlMetaDataModel/fields/org.mule.common.metadata.DefaultMetaDataField/model/metaDataModelPropertiesManager/properties/org.mule.common.metadata.property.xml.SchemaTypeMetaDataProperty/typeQName"/>
                              </org.mule.common.metadata.property.xml.SchemaTypeMetaDataProperty>
                            </properties>
                          </metaDataModelPropertiesManager>
                        </model>
                        <accessType>READ_WRITE</accessType>
                        <metaDataFieldPropertyManager>
                          <properties>
                            <org.mule.common.metadata.property.QNameMetaDataProperty>
                              <name>
                                <namespaceURI>http://bank-web-service</namespaceURI>
                                <localPart>city</localPart>
                                <prefix>ns0</prefix>
                              </name>
                            </org.mule.common.metadata.property.QNameMetaDataProperty>
                          </properties>
                        </metaDataFieldPropertyManager>
                      </org.mule.common.metadata.DefaultMetaDataField>
                      <org.mule.common.metadata.DefaultMetaDataField>
                        <name>ns0:state</name>
                        <model class="org.mule.common.metadata.DefaultSimpleMetaDataModel">
                          <dataType>STRING</dataType>
                          <metaDataModelPropertiesManager>
                            <properties>
                              <org.mule.common.metadata.property.xml.SchemaTypeMetaDataProperty>
                                <typeQName reference="../../../../../../../../../../../../../../../entry/org.mule.common.metadata.DefaultXmlMetaDataModel/fields/org.mule.common.metadata.DefaultMetaDataField/model/metaDataModelPropertiesManager/properties/org.mule.common.metadata.property.xml.SchemaTypeMetaDataProperty/typeQName"/>
                              </org.mule.common.metadata.property.xml.SchemaTypeMetaDataProperty>
                            </properties>
                          </metaDataModelPropertiesManager>
                        </model>
                        <accessType>READ_WRITE</accessType>
                        <metaDataFieldPropertyManager>
                          <properties>
                            <org.mule.common.metadata.property.QNameMetaDataProperty>
                              <name>
                                <namespaceURI>http://bank-web-service</namespaceURI>
                                <localPart>state</localPart>
                                <prefix>ns0</prefix>
                              </name>
                            </org.mule.common.metadata.property.QNameMetaDataProperty>
                          </properties>
                        </metaDataFieldPropertyManager>
                      </org.mule.common.metadata.DefaultMetaDataField>
                      <org.mule.common.metadata.DefaultMetaDataField>
                        <name>ns0:country</name>
                        <model class="org.mule.common.metadata.DefaultSimpleMetaDataModel">
                          <dataType>STRING</dataType>
                          <metaDataModelPropertiesManager>
                            <properties>
                              <org.mule.common.metadata.property.xml.SchemaTypeMetaDataProperty>
                                <typeQName reference="../../../../../../../../../../../../../../../entry/org.mule.common.metadata.DefaultXmlMetaDataModel/fields/org.mule.common.metadata.DefaultMetaDataField/model/metaDataModelPropertiesManager/properties/org.mule.common.metadata.property.xml.SchemaTypeMetaDataProperty/typeQName"/>
                              </org.mule.common.metadata.property.xml.SchemaTypeMetaDataProperty>
                            </properties>
                          </metaDataModelPropertiesManager>
                        </model>
                        <accessType>READ_WRITE</accessType>
                        <metaDataFieldPropertyManager>
                          <properties>
                            <org.mule.common.metadata.property.QNameMetaDataProperty>
                              <name>
                                <namespaceURI>http://bank-web-service</namespaceURI>
                                <localPart>country</localPart>
                                <prefix>ns0</prefix>
                              </name>
                            </org.mule.common.metadata.property.QNameMetaDataProperty>
                          </properties>
                        </metaDataFieldPropertyManager>
                      </org.mule.common.metadata.DefaultMetaDataField>
                      <org.mule.common.metadata.DefaultMetaDataField>
                        <name>ns0:zip</name>
                        <model class="org.mule.common.metadata.DefaultSimpleMetaDataModel">
                          <dataType>STRING</dataType>
                          <metaDataModelPropertiesManager>
                            <properties>
                              <org.mule.common.metadata.property.xml.SchemaTypeMetaDataProperty>
                                <typeQName reference="../../../../../../../../../../../../../../../entry/org.mule.common.metadata.DefaultXmlMetaDataModel/fields/org.mule.common.metadata.DefaultMetaDataField/model/metaDataModelPropertiesManager/properties/org.mule.common.metadata.property.xml.SchemaTypeMetaDataProperty/typeQName"/>
                              </org.mule.common.metadata.property.xml.SchemaTypeMetaDataProperty>
                            </properties>
                          </metaDataModelPropertiesManager>
                        </model>
                        <accessType>READ_WRITE</accessType>
                        <metaDataFieldPropertyManager>
                          <properties>
                            <org.mule.common.metadata.property.QNameMetaDataProperty>
                              <name>
                                <namespaceURI>http://bank-web-service</namespaceURI>
                                <localPart>zip</localPart>
                                <prefix>ns0</prefix>
                              </name>
                            </org.mule.common.metadata.property.QNameMetaDataProperty>
                          </properties>
                        </metaDataFieldPropertyManager>
                      </org.mule.common.metadata.DefaultMetaDataField>
                      <org.mule.common.metadata.DefaultMetaDataField>
                        <name>ns0:telephone</name>
                        <model class="org.mule.common.metadata.DefaultSimpleMetaDataModel">
                          <dataType>STRING</dataType>
                          <metaDataModelPropertiesManager>
                            <properties>
                              <org.mule.common.metadata.property.xml.SchemaTypeMetaDataProperty>
                                <typeQName reference="../../../../../../../../../../../../../../../entry/org.mule.common.metadata.DefaultXmlMetaDataModel/fields/org.mule.common.metadata.DefaultMetaDataField/model/metaDataModelPropertiesManager/properties/org.mule.common.metadata.property.xml.SchemaTypeMetaDataProperty/typeQName"/>
                              </org.mule.common.metadata.property.xml.SchemaTypeMetaDataProperty>
                            </properties>
                          </metaDataModelPropertiesManager>
                        </model>
                        <accessType>READ_WRITE</accessType>
                        <metaDataFieldPropertyManager>
                          <properties>
                            <org.mule.common.metadata.property.QNameMetaDataProperty>
                              <name>
                                <namespaceURI>http://bank-web-service</namespaceURI>
                                <localPart>telephone</localPart>
                                <prefix>ns0</prefix>
                              </name>
                            </org.mule.common.metadata.property.QNameMetaDataProperty>
                          </properties>
                        </metaDataFieldPropertyManager>
                      </org.mule.common.metadata.DefaultMetaDataField>
                      <org.mule.common.metadata.DefaultMetaDataField>
                        <name>ns0:email</name>
                        <model class="org.mule.common.metadata.DefaultSimpleMetaDataModel">
                          <dataType>STRING</dataType>
                          <metaDataModelPropertiesManager>
                            <properties>
                              <org.mule.common.metadata.property.xml.SchemaTypeMetaDataProperty>
                                <typeQName reference="../../../../../../../../../../../../../../../entry/org.mule.common.metadata.DefaultXmlMetaDataModel/fields/org.mule.common.metadata.DefaultMetaDataField/model/metaDataModelPropertiesManager/properties/org.mule.common.metadata.property.xml.SchemaTypeMetaDataProperty/typeQName"/>
                              </org.mule.common.metadata.property.xml.SchemaTypeMetaDataProperty>
                            </properties>
                          </metaDataModelPropertiesManager>
                        </model>
                        <accessType>READ_WRITE</accessType>
                        <metaDataFieldPropertyManager>
                          <properties>
                            <org.mule.common.metadata.property.QNameMetaDataProperty>
                              <name>
                                <namespaceURI>http://bank-web-service</namespaceURI>
                                <localPart>email</localPart>
                                <prefix>ns0</prefix>
                              </name>
                            </org.mule.common.metadata.property.QNameMetaDataProperty>
                          </properties>
                        </metaDataFieldPropertyManager>
                      </org.mule.common.metadata.DefaultMetaDataField>
                    </fields>
                    <rootElement>
                      <namespaceURI>http://bank-web-service</namespaceURI>
                      <localPart>getBankDetailsResponse</localPart>
                      <prefix>ns0</prefix>
                    </rootElement>
                    <schemas class="org.mule.common.metadata.StringBasedSchemaProvider">
                      <schemas>
                        <string>&lt;?xml version=&quot;1.0&quot; encoding=&quot;UTF-8&quot;?&gt;&lt;xs:schema xmlns:xs=&quot;http://www.w3.org/2001/XMLSchema&quot; xmlns:sch=&quot;http://bank-web-service&quot; xmlns:soap=&quot;http://schemas.xmlsoap.org/wsdl/soap/&quot; xmlns:tns=&quot;http://bank-web-service&quot; xmlns:wsdl=&quot;http://schemas.xmlsoap.org/wsdl/&quot; elementFormDefault=&quot;qualified&quot; targetNamespace=&quot;http://bank-web-service&quot;&gt;&#xd;
&#xd;
	&lt;xs:element name=&quot;getBankDetailsRequest&quot;&gt;&#xd;
		&lt;xs:complexType&gt;&#xd;
			&lt;xs:sequence&gt;&#xd;
				&lt;xs:element name=&quot;customerId&quot; type=&quot;xs:string&quot;/&gt;&#xd;
			&lt;/xs:sequence&gt;&#xd;
		&lt;/xs:complexType&gt;&#xd;
	&lt;/xs:element&gt;&#xd;
&#xd;
	&lt;xs:element name=&quot;getBankDetailsResponse&quot;&gt;&#xd;
		&lt;xs:complexType&gt;&#xd;
			&lt;xs:sequence&gt;&#xd;
				&lt;xs:element name=&quot;bank&quot; type=&quot;tns:bank&quot;/&gt;&#xd;
			&lt;/xs:sequence&gt;&#xd;
		&lt;/xs:complexType&gt;&#xd;
	&lt;/xs:element&gt;&#xd;
&#xd;
	&lt;xs:complexType name=&quot;bank&quot;&gt;&#xd;
		&lt;xs:sequence&gt;&#xd;
			&lt;xs:element name=&quot;bankName&quot; type=&quot;xs:string&quot;/&gt;&#xd;
			&lt;xs:element name=&quot;branch&quot; type=&quot;tns:branch&quot;/&gt;&#xd;
		&lt;/xs:sequence&gt;&#xd;
	&lt;/xs:complexType&gt;&#xd;
&#xd;
	&lt;xs:complexType name=&quot;branch&quot;&gt;&#xd;
		&lt;xs:sequence&gt;&#xd;
			&lt;xs:element name=&quot;branchName&quot; type=&quot;xs:string&quot;/&gt;&#xd;
			&lt;xs:element name=&quot;ifsc&quot; type=&quot;xs:string&quot;/&gt;&#xd;
			&lt;xs:element name=&quot;address&quot; type=&quot;xs:string&quot;/&gt;&#xd;
			&lt;xs:element name=&quot;city&quot; type=&quot;xs:string&quot;/&gt;&#xd;
			&lt;xs:element name=&quot;state&quot; type=&quot;xs:string&quot;/&gt;&#xd;
			&lt;xs:element name=&quot;country&quot; type=&quot;xs:string&quot;/&gt;&#xd;
			&lt;xs:element name=&quot;zip&quot; type=&quot;xs:string&quot;/&gt;&#xd;
			&lt;xs:element name=&quot;telephone&quot; type=&quot;xs:string&quot;/&gt;&#xd;
			&lt;xs:element name=&quot;email&quot; type=&quot;xs:string&quot;/&gt;&#xd;
		&lt;/xs:sequence&gt;&#xd;
	&lt;/xs:complexType&gt;&#xd;
&lt;/xs:schema&gt;</string>
                      </schemas>
                      <encoding reference="../../../../../../../../../../entry/org.mule.common.metadata.DefaultXmlMetaDataModel/schemas/encoding"/>
                      <baseUri>file:/D:/FF-111/AnypointStudio/http:/34.236.109.151:8000/ws/bankdetails.wsdl</baseUri>
                    </schemas>
                    <namespaceManager>
                      <namespacePrefix class="tree-map">
                        <entry>
                          <string>http://bank-web-service</string>
                          <string>ns0</string>
                        </entry>
                      </namespacePrefix>
                    </namespaceManager>
                  </model>
                  <accessType>READ_WRITE</accessType>
                  <metaDataFieldPropertyManager>
                    <properties>
                      <org.mule.common.metadata.property.QNameMetaDataProperty>
                        <name>
                          <namespaceURI>http://bank-web-service</namespaceURI>
                          <localPart>branch</localPart>
                          <prefix>ns0</prefix>
                        </name>
                      </org.mule.common.metadata.property.QNameMetaDataProperty>
                    </properties>
                  </metaDataFieldPropertyManager>
                </org.mule.common.metadata.DefaultMetaDataField>
              </fields>
              <rootElement>
                <namespaceURI>http://bank-web-service</namespaceURI>
                <localPart>getBankDetailsResponse</localPart>
                <prefix>ns0</prefix>
              </rootElement>
              <schemas class="org.mule.common.metadata.StringBasedSchemaProvider" reference="../fields/org.mule.common.metadata.DefaultMetaDataField[2]/model/schemas"/>
              <namespaceManager reference="../fields/org.mule.common.metadata.DefaultMetaDataField[2]/model/namespaceManager"/>
            </model>
            <accessType>READ_WRITE</accessType>
            <metaDataFieldPropertyManager>
              <properties>
                <org.mule.common.metadata.property.QNameMetaDataProperty>
                  <name>
                    <namespaceURI>http://bank-web-service</namespaceURI>
                    <localPart>bank</localPart>
                    <prefix>ns0</prefix>
                  </name>
                </org.mule.common.metadata.property.QNameMetaDataProperty>
              </properties>
            </metaDataFieldPropertyManager>
          </org.mule.common.metadata.DefaultMetaDataField>
        </fields>
        <rootElement>
          <namespaceURI>http://bank-web-service</namespaceURI>
          <localPart>getBankDetailsResponse</localPart>
          <prefix>ns0</prefix>
        </rootElement>
        <schemas class="org.mule.common.metadata.StringBasedSchemaProvider">
          <schemas reference="../../fields/org.mule.common.metadata.DefaultMetaDataField/model/fields/org.mule.common.metadata.DefaultMetaDataField[2]/model/schemas/schemas"/>
          <encoding reference="../../../../entry/org.mule.common.metadata.DefaultXmlMetaDataModel/schemas/encoding"/>
          <baseUri>file:/D:/FF-111/AnypointStudio/http:/34.236.109.151:8000/ws/bankdetails.wsdl</baseUri>
        </schemas>
        <namespaceManager reference="../fields/org.mule.common.metadata.DefaultMetaDataField/model/fields/org.mule.common.metadata.DefaultMetaDataField[2]/model/namespaceManager"/>
      </org.mule.common.metadata.DefaultXmlMetaDataModel>
    </entry>
  </types>
  <connectorName>Web_Service_Consumer</connectorName>
</metadata__catalog__entry>